<?xml version = '1.0' encoding = 'UTF-8'?>
<relationalModel class="oracle.dbtools.crest.model.design.relational.RelationalDesign" name="Relational_1" id="D12655A5-A73B-EF5E-AD64-F610317D3CDB" mainViewID="8A3BFE55-700B-E9A4-6142-CF158ABDC687">
<createdBy>κωστας κ</createdBy>
<createdTime>2020-04-30 15:58:24 UTC</createdTime>
<ownerDesignName>sql_2020</ownerDesignName>
<shouldBeOpen>true</shouldBeOpen>
<selectedRDBMSSite>3FD120B5-9F4E-6278-D5E2-746D192C8319</selectedRDBMSSite>
<importDDLFileStamps>
<importDDLFileStamp class="oracle.dbtools.crest.imports.DDLFileStamp">
<fileName>sqlv2.txt.ddl</fileName>
<pathName>C:\Users\κωστας κ\Desktop</pathName>
<dbType>11</dbType>
</importDDLFileStamp>
<importDDLFileStamp class="oracle.dbtools.crest.imports.DDLFileStamp">
<fileName>sqlv3.ddl</fileName>
<pathName>C:\Users\κωστας κ\Desktop</pathName>
<dbType>11</dbType>
</importDDLFileStamp>
</importDDLFileStamps>
</relationalModel>