<?xml version = '1.0' encoding = 'UTF-8'?>
<Relation class="oracle.dbtools.crest.model.design.logical.Relation" name="flight_booking_fk" directorySegmentName="seg_0" id="0120B70E-93EC-BBD8-776A-0E177D076903">
<createdBy>κωστας κ</createdBy>
<createdTime>2020-05-28 16:52:53 UTC</createdTime>
<generatorID>406A89EB-DB49-EA6F-A341-779027938A93</generatorID>
<ownerDesignName>sqlproj2020_v2</ownerDesignName>
<engineerTo>
<item key="D12655A5-A73B-EF5E-AD64-F610317D3CDB" value="true"/>
</engineerTo>
<sourcePk>6C116538-E64B-61F1-CAE5-B1863E226880</sourcePk>
<identifying>false</identifying>
<optionalSource>true</optionalSource>
<optionalTarget>false</optionalTarget>
<sourceCardinality>1</sourceCardinality>
<sourceEntity>5FD68A5D-4086-84B8-DE2E-113CF66F8B63</sourceEntity>
<targetCardinalityString>*</targetCardinalityString>
<targetEntity>637AEB95-1B14-072A-0E6B-69D1E20B30DC</targetEntity>
<transferable>true</transferable>
<deleteRule>NO ACTION</deleteRule>
</Relation>