<?xml version = '1.0' encoding = 'UTF-8'?>
<Relation class="oracle.dbtools.crest.model.design.logical.Relation" name="flight_airlines_fk" directorySegmentName="seg_0" id="06286D9B-DFD9-81D0-A58B-BC6FD24132D8">
<createdBy>κωστας κ</createdBy>
<createdTime>2020-05-28 16:52:53 UTC</createdTime>
<generatorID>BC0F183E-7166-BB3E-FE1D-09BF390B230F</generatorID>
<ownerDesignName>sqlproj2020_v2</ownerDesignName>
<engineerTo>
<item key="D12655A5-A73B-EF5E-AD64-F610317D3CDB" value="true"/>
</engineerTo>
<sourcePk>ED83DC11-F42A-360A-7E1B-7B9A2B04FBA7</sourcePk>
<identifying>false</identifying>
<optionalSource>true</optionalSource>
<optionalTarget>false</optionalTarget>
<sourceCardinality>1</sourceCardinality>
<sourceEntity>B2245EFD-02E9-1CC3-302B-816603C9C787</sourceEntity>
<targetCardinalityString>*</targetCardinalityString>
<targetEntity>637AEB95-1B14-072A-0E6B-69D1E20B30DC</targetEntity>
<transferable>true</transferable>
<deleteRule>NO ACTION</deleteRule>
</Relation>