<?xml version = '1.0' encoding = 'UTF-8'?>
<Relation class="oracle.dbtools.crest.model.design.logical.Relation" name="airlines country data fk" directorySegmentName="seg_0" id="0C2E6D0C-CC2C-84ED-6173-E617160A19C5">
<createdBy>κωστας κ</createdBy>
<createdTime>2020-06-02 14:45:33 UTC</createdTime>
<generatorID>99AFFE9C-82F8-F278-3BC0-68D8B59CDAF6</generatorID>
<ownerDesignName>sqlproj2020_v2</ownerDesignName>
<engineerTo>
<item key="D12655A5-A73B-EF5E-AD64-F610317D3CDB" value="true"/>
</engineerTo>
<sourcePk>E8021AAC-BE83-A16E-C4C7-BDA27D63CECA</sourcePk>
<identifying>false</identifying>
<optionalSource>true</optionalSource>
<optionalTarget>false</optionalTarget>
<sourceCardinality>1</sourceCardinality>
<sourceEntity>94B88BE3-2E4F-0379-A26F-980BB1297A67</sourceEntity>
<targetCardinalityString>*</targetCardinalityString>
<targetEntity>7318A250-AD6A-A686-207E-35873D5F8DBB</targetEntity>
<transferable>true</transferable>
<deleteRule>NO ACTION</deleteRule>
</Relation>