<?xml version = '1.0' encoding = 'UTF-8'?>
<Relation class="oracle.dbtools.crest.model.design.logical.Relation" name="airlinemanager_country_data_fk" directorySegmentName="seg_0" id="6101DE58-FC64-722C-0761-91D6D7EC47CC">
<createdBy>κωστας κ</createdBy>
<createdTime>2020-05-28 16:52:53 UTC</createdTime>
<generatorID>0CDE31D7-B445-690D-5B96-F85AFAFBED3D</generatorID>
<ownerDesignName>sqlproj2020_v2</ownerDesignName>
<engineerTo>
<item key="D12655A5-A73B-EF5E-AD64-F610317D3CDB" value="true"/>
</engineerTo>
<sourcePk>6AA3E26B-C937-AC29-7935-D0FF3E2B8351</sourcePk>
<identifying>false</identifying>
<optionalSource>true</optionalSource>
<optionalTarget>false</optionalTarget>
<sourceCardinality>1</sourceCardinality>
<sourceEntity>136FCA60-E02F-34DE-736F-1680E45B09D6</sourceEntity>
<targetCardinalityString>*</targetCardinalityString>
<targetEntity>B9C2CB0D-D357-264E-4AD9-C94532CE160E</targetEntity>
<transferable>true</transferable>
<deleteRule>NO ACTION</deleteRule>
</Relation>