<?xml version = '1.0' encoding = 'UTF-8'?>
<Relation class="oracle.dbtools.crest.model.design.logical.Relation" name="booking_airlines_FK" directorySegmentName="seg_0" id="6EBCCDD8-FE65-3FD6-810B-6FB48D05C942">
<createdBy>κωστας κ</createdBy>
<createdTime>2020-06-02 14:45:33 UTC</createdTime>
<generatorID>B6A91B9A-EE73-CB01-4CBA-64B634D43106</generatorID>
<ownerDesignName>sqlproj2020_v2</ownerDesignName>
<engineerTo>
<item key="D12655A5-A73B-EF5E-AD64-F610317D3CDB" value="true"/>
</engineerTo>
<sourcePk>B5706A0E-B70C-A270-CA65-485399A6D1F7</sourcePk>
<identifying>false</identifying>
<optionalSource>true</optionalSource>
<optionalTarget>false</optionalTarget>
<sourceCardinality>1</sourceCardinality>
<sourceEntity>7318A250-AD6A-A686-207E-35873D5F8DBB</sourceEntity>
<targetCardinalityString>*</targetCardinalityString>
<targetEntity>BD79236F-EE31-1FEA-7C1F-97998F1A2285</targetEntity>
<transferable>true</transferable>
<deleteRule>NO ACTION</deleteRule>
</Relation>