<?xml version = '1.0' encoding = 'UTF-8'?>
<Relation class="oracle.dbtools.crest.model.design.logical.Relation" name="airlines_country_data_fk" directorySegmentName="seg_0" id="99D05FA8-7F5A-201B-8F1F-C2061C1D55BB">
<createdBy>κωστας κ</createdBy>
<createdTime>2020-05-28 16:52:53 UTC</createdTime>
<generatorID>5DB675E4-691A-CFB2-8D95-D7B85B7C33F1</generatorID>
<ownerDesignName>sqlproj2020_v2</ownerDesignName>
<engineerTo>
<item key="D12655A5-A73B-EF5E-AD64-F610317D3CDB" value="true"/>
</engineerTo>
<sourcePk>6AA3E26B-C937-AC29-7935-D0FF3E2B8351</sourcePk>
<identifying>false</identifying>
<optionalSource>true</optionalSource>
<optionalTarget>false</optionalTarget>
<sourceCardinality>1</sourceCardinality>
<sourceEntity>136FCA60-E02F-34DE-736F-1680E45B09D6</sourceEntity>
<targetCardinalityString>*</targetCardinalityString>
<targetEntity>B2245EFD-02E9-1CC3-302B-816603C9C787</targetEntity>
<transferable>true</transferable>
<deleteRule>NO ACTION</deleteRule>
</Relation>