<?xml version = '1.0' encoding = 'UTF-8'?>
<Relation class="oracle.dbtools.crest.model.design.logical.Relation" name="flight airlines FK" directorySegmentName="seg_0" id="AEE9A415-F0AD-844F-604B-00DBDEF79506">
<createdBy>κωστας κ</createdBy>
<createdTime>2020-06-02 14:45:33 UTC</createdTime>
<generatorID>0E18909D-295F-2FEA-46EE-DA3A8E631367</generatorID>
<ownerDesignName>sqlproj2020_v2</ownerDesignName>
<engineerTo>
<item key="D12655A5-A73B-EF5E-AD64-F610317D3CDB" value="true"/>
</engineerTo>
<sourcePk>B5706A0E-B70C-A270-CA65-485399A6D1F7</sourcePk>
<identifying>false</identifying>
<optionalSource>true</optionalSource>
<optionalTarget>false</optionalTarget>
<sourceCardinality>1</sourceCardinality>
<sourceEntity>7318A250-AD6A-A686-207E-35873D5F8DBB</sourceEntity>
<targetCardinalityString>*</targetCardinalityString>
<targetEntity>E004947A-F372-DE6C-AAD6-4B48E6EF7EB6</targetEntity>
<transferable>true</transferable>
<deleteRule>NO ACTION</deleteRule>
</Relation>