<?xml version = '1.0' encoding = 'UTF-8'?>
<Relation class="oracle.dbtools.crest.model.design.logical.Relation" name="flight_country_data_FK" directorySegmentName="seg_0" id="B4D28FCE-08ED-8356-AE24-CE234EEAF88E">
<createdBy>κωστας κ</createdBy>
<createdTime>2020-06-02 14:45:33 UTC</createdTime>
<generatorID>023FC18F-3A58-85FC-7BC9-589C9CFD3587</generatorID>
<ownerDesignName>sqlproj2020_v2</ownerDesignName>
<engineerTo>
<item key="D12655A5-A73B-EF5E-AD64-F610317D3CDB" value="true"/>
</engineerTo>
<sourcePk>E8021AAC-BE83-A16E-C4C7-BDA27D63CECA</sourcePk>
<identifying>false</identifying>
<optionalSource>true</optionalSource>
<optionalTarget>false</optionalTarget>
<sourceCardinality>1</sourceCardinality>
<sourceEntity>94B88BE3-2E4F-0379-A26F-980BB1297A67</sourceEntity>
<targetCardinalityString>*</targetCardinalityString>
<targetEntity>E004947A-F372-DE6C-AAD6-4B48E6EF7EB6</targetEntity>
<transferable>true</transferable>
<deleteRule>NO ACTION</deleteRule>
</Relation>