<?xml version = '1.0' encoding = 'UTF-8'?>
<Relation class="oracle.dbtools.crest.model.design.logical.Relation" name="airlinemanager country data fk" directorySegmentName="seg_0" id="B4E75DA8-0F97-06D8-2660-58DE07CC42BE">
<createdBy>κωστας κ</createdBy>
<createdTime>2020-06-02 14:45:33 UTC</createdTime>
<generatorID>824DC3EC-3459-0204-AE85-54C9FA5C7ABC</generatorID>
<ownerDesignName>sqlproj2020_v2</ownerDesignName>
<engineerTo>
<item key="D12655A5-A73B-EF5E-AD64-F610317D3CDB" value="true"/>
</engineerTo>
<sourcePk>E8021AAC-BE83-A16E-C4C7-BDA27D63CECA</sourcePk>
<identifying>false</identifying>
<optionalSource>true</optionalSource>
<optionalTarget>false</optionalTarget>
<sourceCardinality>1</sourceCardinality>
<sourceEntity>94B88BE3-2E4F-0379-A26F-980BB1297A67</sourceEntity>
<targetCardinalityString>*</targetCardinalityString>
<targetEntity>A3D36D61-1936-EE86-3AFF-D1B4A3113199</targetEntity>
<transferable>true</transferable>
<deleteRule>NO ACTION</deleteRule>
</Relation>