<?xml version = '1.0' encoding = 'UTF-8'?>
<Relation class="oracle.dbtools.crest.model.design.logical.Relation" name="booking flight fk" directorySegmentName="seg_0" id="B9192AC5-BCC7-2B85-8669-0603919928A6">
<createdBy>κωστας κ</createdBy>
<createdTime>2020-06-02 14:45:33 UTC</createdTime>
<generatorID>83D5F5B2-F9FB-4CCE-954D-E67D91FAF2D3</generatorID>
<ownerDesignName>sqlproj2020_v2</ownerDesignName>
<engineerTo>
<item key="D12655A5-A73B-EF5E-AD64-F610317D3CDB" value="true"/>
</engineerTo>
<sourcePk>16696683-9BA6-B8B4-7904-2DD5EEF8C553</sourcePk>
<identifying>false</identifying>
<optionalSource>true</optionalSource>
<optionalTarget>false</optionalTarget>
<sourceCardinality>1</sourceCardinality>
<sourceEntity>E004947A-F372-DE6C-AAD6-4B48E6EF7EB6</sourceEntity>
<targetCardinalityString>*</targetCardinalityString>
<targetEntity>BD79236F-EE31-1FEA-7C1F-97998F1A2285</targetEntity>
<transferable>true</transferable>
<deleteRule>NO ACTION</deleteRule>
</Relation>