<?xml version = '1.0' encoding = 'UTF-8'?>
<Relation class="oracle.dbtools.crest.model.design.logical.Relation" name="flight booking FK" directorySegmentName="seg_0" id="DE8DBE0F-70D2-F670-C7AA-7A18AE2B63D7">
<createdBy>κωστας κ</createdBy>
<createdTime>2020-06-02 14:45:33 UTC</createdTime>
<generatorID>5778226E-BBDB-59FB-E356-707E7D7D8620</generatorID>
<ownerDesignName>sqlproj2020_v2</ownerDesignName>
<engineerTo>
<item key="D12655A5-A73B-EF5E-AD64-F610317D3CDB" value="true"/>
</engineerTo>
<sourcePk>B9E60951-8B08-D285-003C-1B17B83AF682</sourcePk>
<identifying>false</identifying>
<optionalSource>true</optionalSource>
<optionalTarget>false</optionalTarget>
<sourceCardinality>1</sourceCardinality>
<sourceEntity>BD79236F-EE31-1FEA-7C1F-97998F1A2285</sourceEntity>
<targetCardinalityString>*</targetCardinalityString>
<targetEntity>E004947A-F372-DE6C-AAD6-4B48E6EF7EB6</targetEntity>
<transferable>true</transferable>
<deleteRule>NO ACTION</deleteRule>
</Relation>