<?xml version = '1.0' encoding = 'UTF-8'?>
<Relation class="oracle.dbtools.crest.model.design.logical.Relation" name="booking_flight_fk" directorySegmentName="seg_0" id="F461B1D7-14EF-997C-5B61-BA7C0D90ADE2">
<createdBy>κωστας κ</createdBy>
<createdTime>2020-05-28 16:52:53 UTC</createdTime>
<generatorID>0F00674E-C1C8-6C55-D1A4-FB274F090747</generatorID>
<ownerDesignName>sqlproj2020_v2</ownerDesignName>
<engineerTo>
<item key="D12655A5-A73B-EF5E-AD64-F610317D3CDB" value="true"/>
</engineerTo>
<sourcePk>ACAAC9EC-8386-E89D-6347-C4EF555302EA</sourcePk>
<identifying>false</identifying>
<optionalSource>true</optionalSource>
<optionalTarget>false</optionalTarget>
<sourceCardinality>1</sourceCardinality>
<sourceEntity>637AEB95-1B14-072A-0E6B-69D1E20B30DC</sourceEntity>
<targetCardinalityString>*</targetCardinalityString>
<targetEntity>5FD68A5D-4086-84B8-DE2E-113CF66F8B63</targetEntity>
<transferable>true</transferable>
<deleteRule>NO ACTION</deleteRule>
</Relation>