<?xml version = '1.0' encoding = 'UTF-8'?>
<Diagram class="oracle.dbtools.crest.swingui.relational.DPVRelational" name="Relational_1" id="8A3BFE55-700B-E9A4-6142-CF158ABDC687">
<createdBy>κωστας κ</createdBy>
<modifiedBy>κωστας κ</modifiedBy>
<createdTime>2020-04-30 17:16:56 UTC</createdTime>
<autoRoute>false</autoRoute>
<boxInbox>true</boxInbox>
<showLegend>false</showLegend>
<showLabels>false</showLabels>
<showRelAttributes>false</showRelAttributes>
<gridEnabled>false</gridEnabled>
<showGrid>false</showGrid>
<diagramColor>-1</diagramColor>
<display>false</display>
<notation>1</notation>
<objectViews>
<OView class="oracle.dbtools.crest.swingui.relational.TVTable" oid="7CC1F5F9-D542-80AC-D407-080E8FA15CF2" otype="Table" vid="8494DFCD-D1C9-6232-EC26-70E21F8D49EF">
<hideElementsInCurrentOnly>false</hideElementsInCurrentOnly>
<bounds x="17" y="381" width="317" height="331"/>
</OView>
<OView class="oracle.dbtools.crest.swingui.relational.TVTable" oid="9A97A8F2-3FAB-B3BE-B0DD-6AB166EA719D" otype="Table" vid="F2DB924A-D73B-BC10-7AA6-56632CF2FA00">
<hideElementsInCurrentOnly>false</hideElementsInCurrentOnly>
<bounds x="497" y="20" width="333" height="220"/>
</OView>
<OView class="oracle.dbtools.crest.swingui.relational.TVTable" oid="AFDA8ABC-2B50-F172-3D4F-E127960F6CB5" otype="Table" vid="045AB532-71B2-3596-1383-40FA1723015F">
<hideElementsInCurrentOnly>false</hideElementsInCurrentOnly>
<bounds x="861" y="316" width="212" height="130"/>
</OView>
<OView class="oracle.dbtools.crest.swingui.relational.TVTable" oid="CB11F2FB-1ECD-3A2E-359A-C9726FCE5228" otype="Table" vid="2AAA7ED6-63D2-9427-7216-704324D52F9E">
<hideElementsInCurrentOnly>false</hideElementsInCurrentOnly>
<bounds x="412" y="298" width="295" height="122"/>
</OView>
<OView class="oracle.dbtools.crest.swingui.relational.TVTable" oid="EC683EFF-59CD-6BCA-2501-6169642C1475" otype="Table" vid="2A7885F1-661B-D569-2F31-8EAB42794EC7">
<hideElementsInCurrentOnly>false</hideElementsInCurrentOnly>
<bounds x="31" y="16" width="267" height="322"/>
</OView>
</objectViews>
<connectors>
<Connector class="oracle.dbtools.crest.swingui.relational.TVFKRelation" oid="023FC18F-3A58-85FC-7BC9-589C9CFD3587" otype="FKIndexAssociation" vid_source="045AB532-71B2-3596-1383-40FA1723015F" vid_target="8494DFCD-D1C9-6232-EC26-70E21F8D49EF">
<hideElementsInCurrentOnly>false</hideElementsInCurrentOnly>
<backgroundColor>-16777216</backgroundColor>
<lineWidth>1</lineWidth>
<points>
<point x="861" y="443"/>
<point x="334" y="443"/>
</points>
</Connector>
<Connector class="oracle.dbtools.crest.swingui.relational.TVFKRelation" oid="0E18909D-295F-2FEA-46EE-DA3A8E631367" otype="FKIndexAssociation" vid_source="2AAA7ED6-63D2-9427-7216-704324D52F9E" vid_target="8494DFCD-D1C9-6232-EC26-70E21F8D49EF">
<hideElementsInCurrentOnly>false</hideElementsInCurrentOnly>
<backgroundColor>-16777216</backgroundColor>
<lineWidth>1</lineWidth>
<points>
<point x="412" y="415"/>
<point x="334" y="415"/>
</points>
</Connector>
<Connector class="oracle.dbtools.crest.swingui.relational.TVFKRelation" oid="5778226E-BBDB-59FB-E356-707E7D7D8620" otype="FKIndexAssociation" vid_source="2A7885F1-661B-D569-2F31-8EAB42794EC7" vid_target="8494DFCD-D1C9-6232-EC26-70E21F8D49EF">
<hideElementsInCurrentOnly>false</hideElementsInCurrentOnly>
<backgroundColor>-16777216</backgroundColor>
<lineWidth>1</lineWidth>
<points>
<point x="149" y="338"/>
<point x="149" y="381"/>
</points>
</Connector>
<Connector class="oracle.dbtools.crest.swingui.relational.TVFKRelation" oid="824DC3EC-3459-0204-AE85-54C9FA5C7ABC" otype="FKIndexAssociation" vid_source="045AB532-71B2-3596-1383-40FA1723015F" vid_target="F2DB924A-D73B-BC10-7AA6-56632CF2FA00">
<hideElementsInCurrentOnly>false</hideElementsInCurrentOnly>
<backgroundColor>-16777216</backgroundColor>
<lineWidth>1</lineWidth>
<points>
<point x="888" y="316"/>
<point x="796" y="240"/>
</points>
</Connector>
<Connector class="oracle.dbtools.crest.swingui.relational.TVFKRelation" oid="83D5F5B2-F9FB-4CCE-954D-E67D91FAF2D3" otype="FKIndexAssociation" vid_source="8494DFCD-D1C9-6232-EC26-70E21F8D49EF" vid_target="2A7885F1-661B-D569-2F31-8EAB42794EC7">
<hideElementsInCurrentOnly>false</hideElementsInCurrentOnly>
<backgroundColor>-16777216</backgroundColor>
<lineWidth>1</lineWidth>
<points>
<point x="179" y="381"/>
<point x="179" y="338"/>
</points>
</Connector>
<Connector class="oracle.dbtools.crest.swingui.relational.TVFKRelation" oid="99AFFE9C-82F8-F278-3BC0-68D8B59CDAF6" otype="FKIndexAssociation" vid_source="045AB532-71B2-3596-1383-40FA1723015F" vid_target="2AAA7ED6-63D2-9427-7216-704324D52F9E">
<hideElementsInCurrentOnly>false</hideElementsInCurrentOnly>
<backgroundColor>-16777216</backgroundColor>
<lineWidth>1</lineWidth>
<points>
<point x="861" y="368"/>
<point x="707" y="368"/>
</points>
</Connector>
<Connector class="oracle.dbtools.crest.swingui.relational.TVFKRelation" oid="B6A91B9A-EE73-CB01-4CBA-64B634D43106" otype="FKIndexAssociation" vid_source="2AAA7ED6-63D2-9427-7216-704324D52F9E" vid_target="2A7885F1-661B-D569-2F31-8EAB42794EC7">
<hideElementsInCurrentOnly>false</hideElementsInCurrentOnly>
<backgroundColor>-16777216</backgroundColor>
<lineWidth>1</lineWidth>
<points>
<point x="412" y="333"/>
<point x="298" y="333"/>
</points>
</Connector>
</connectors>
</Diagram>