<?xml version = '1.0' encoding = 'UTF-8'?>
<DomainFile class="oracle.dbtools.crest.model.design.DomainFileWrapper" fileName="sqlv2.txt_Domains">
<domains>
<Domain class="oracle.dbtools.crest.model.design.Domain" name="VARCHAR_0_0_60" id="04F0D163-02C3-3C9E-F2E0-E681D611C8E7">
<createdBy>κωστας κ</createdBy>
<createdTime>2020-05-28 16:52:29 UTC</createdTime>
<ownerDesignName>sqlproj2020_v2</ownerDesignName>
<avTSortOrder>0</avTSortOrder>
<dataTypePrecision>0</dataTypePrecision>
<dataTypeScale>0</dataTypeScale>
<dataTypeSize>60</dataTypeSize>
<fileName>sqlv2.txt_Domains</fileName>
<logicalDatatype>LOGDT024</logicalDatatype>
</Domain>
<Domain class="oracle.dbtools.crest.model.design.Domain" name="VARCHAR_0_0_120" id="083CA694-517A-972C-1C9C-F352B2964473">
<createdBy>κωστας κ</createdBy>
<createdTime>2020-05-28 16:52:29 UTC</createdTime>
<ownerDesignName>sqlproj2020_v2</ownerDesignName>
<avTSortOrder>0</avTSortOrder>
<dataTypePrecision>0</dataTypePrecision>
<dataTypeScale>0</dataTypeScale>
<dataTypeSize>120</dataTypeSize>
<fileName>sqlv2.txt_Domains</fileName>
<logicalDatatype>LOGDT024</logicalDatatype>
</Domain>
<Domain class="oracle.dbtools.crest.model.design.Domain" name="VARCHAR_0_0_100" id="33F0253B-409D-B1DF-D533-629ACA1E2840">
<createdBy>κωστας κ</createdBy>
<createdTime>2020-05-28 16:52:29 UTC</createdTime>
<ownerDesignName>sqlproj2020_v2</ownerDesignName>
<avTSortOrder>0</avTSortOrder>
<dataTypePrecision>0</dataTypePrecision>
<dataTypeScale>0</dataTypeScale>
<dataTypeSize>100</dataTypeSize>
<fileName>sqlv2.txt_Domains</fileName>
<logicalDatatype>LOGDT024</logicalDatatype>
</Domain>
<Domain class="oracle.dbtools.crest.model.design.Domain" name="NUMERIC_10_0_0" id="525048C4-51DA-D265-C694-EF1AEE89C2F7">
<createdBy>κωστας κ</createdBy>
<createdTime>2020-05-28 16:52:29 UTC</createdTime>
<ownerDesignName>sqlproj2020_v2</ownerDesignName>
<avTSortOrder>0</avTSortOrder>
<dataTypePrecision>10</dataTypePrecision>
<dataTypeScale>0</dataTypeScale>
<dataTypeSize>0</dataTypeSize>
<fileName>sqlv2.txt_Domains</fileName>
<logicalDatatype>LOGDT019</logicalDatatype>
</Domain>
<Domain class="oracle.dbtools.crest.model.design.Domain" name="VARCHAR_0_0_40" id="57930A37-8AF8-EFA3-0654-531805749B9C">
<createdBy>κωστας κ</createdBy>
<createdTime>2020-05-28 16:52:29 UTC</createdTime>
<ownerDesignName>sqlproj2020_v2</ownerDesignName>
<avTSortOrder>0</avTSortOrder>
<dataTypePrecision>0</dataTypePrecision>
<dataTypeScale>0</dataTypeScale>
<dataTypeSize>40</dataTypeSize>
<fileName>sqlv2.txt_Domains</fileName>
<logicalDatatype>LOGDT024</logicalDatatype>
</Domain>
<Domain class="oracle.dbtools.crest.model.design.Domain" name="Timestamp_0_0_0" id="91B1943F-D55E-C520-464F-CA361DD91A7F">
<createdBy>κωστας κ</createdBy>
<createdTime>2020-05-28 16:52:29 UTC</createdTime>
<ownerDesignName>sqlproj2020_v2</ownerDesignName>
<avTSortOrder>0</avTSortOrder>
<dataTypePrecision>0</dataTypePrecision>
<fileName>sqlv2.txt_Domains</fileName>
<logicalDatatype>LOGDT015</logicalDatatype>
</Domain>
<Domain class="oracle.dbtools.crest.model.design.Domain" name="BINARY DOUBLE_0_0_0" id="A60CB79A-FAF6-9FD2-A43F-26EC30A3A23B">
<createdBy>κωστας κ</createdBy>
<createdTime>2020-05-28 16:52:29 UTC</createdTime>
<ownerDesignName>sqlproj2020_v2</ownerDesignName>
<avTSortOrder>0</avTSortOrder>
<fileName>sqlv2.txt_Domains</fileName>
<logicalDatatype>LOGDT056</logicalDatatype>
</Domain>
<Domain class="oracle.dbtools.crest.model.design.Domain" name="CHAR_0_0_1" id="D0399F0C-DA0D-0D49-A82A-E8C750A2D68C">
<createdBy>κωστας κ</createdBy>
<createdTime>2020-05-28 16:52:29 UTC</createdTime>
<ownerDesignName>sqlproj2020_v2</ownerDesignName>
<avTSortOrder>0</avTSortOrder>
<dataTypePrecision>0</dataTypePrecision>
<dataTypeScale>0</dataTypeScale>
<dataTypeSize>1</dataTypeSize>
<fileName>sqlv2.txt_Domains</fileName>
<logicalDatatype>LOGDT025</logicalDatatype>
</Domain>
</domains>
</DomainFile>