<?xml version = '1.0' encoding = 'UTF-8'?>
<DomainFile class="oracle.dbtools.crest.model.design.DomainFileWrapper" fileName="sqlv3_Domains">
<domains>
<Domain class="oracle.dbtools.crest.model.design.Domain" name="VARCHAR_0_0_160" id="24191F83-2B7E-71D7-CA2C-1783DB4C8BD6">
<createdBy>κωστας κ</createdBy>
<createdTime>2020-06-02 14:25:16 UTC</createdTime>
<ownerDesignName>sqlproj2020_v2</ownerDesignName>
<avTSortOrder>0</avTSortOrder>
<dataTypePrecision>0</dataTypePrecision>
<dataTypeScale>0</dataTypeScale>
<dataTypeSize>160</dataTypeSize>
<fileName>sqlv3_Domains</fileName>
<logicalDatatype>LOGDT024</logicalDatatype>
</Domain>
<Domain class="oracle.dbtools.crest.model.design.Domain" name="VARCHAR_0_0_140" id="E8E5F12D-8491-0B6D-8397-33926E273CDD">
<createdBy>κωστας κ</createdBy>
<createdTime>2020-06-02 14:25:16 UTC</createdTime>
<ownerDesignName>sqlproj2020_v2</ownerDesignName>
<avTSortOrder>0</avTSortOrder>
<dataTypePrecision>0</dataTypePrecision>
<dataTypeScale>0</dataTypeScale>
<dataTypeSize>140</dataTypeSize>
<fileName>sqlv3_Domains</fileName>
<logicalDatatype>LOGDT024</logicalDatatype>
</Domain>
</domains>
</DomainFile>