<?xml version = '1.0' encoding = 'UTF-8'?>
<Diagram class="oracle.dbtools.crest.swingui.logical.DPVLogical" name="Logical" id="3FB5D431-3B73-32E4-21BA-20DEE3A65644">
<createdBy>κωστας κ</createdBy>
<modifiedBy>κωστας κ</modifiedBy>
<createdTime>2020-04-30 15:58:33 UTC</createdTime>
<autoRoute>false</autoRoute>
<boxInbox>true</boxInbox>
<showLegend>false</showLegend>
<showLabels>false</showLabels>
<showRelAttributes>false</showRelAttributes>
<gridEnabled>false</gridEnabled>
<showGrid>false</showGrid>
<diagramColor>-1</diagramColor>
<display>false</display>
<notation>1</notation>
<objectViews>
<OView class="oracle.dbtools.crest.swingui.logical.TVEntity" oid="136FCA60-E02F-34DE-736F-1680E45B09D6" otype="Entity" vid="734C3BE2-B2ED-3292-9856-8526992FA4A4">
<hideElementsInCurrentOnly>false</hideElementsInCurrentOnly>
<bounds x="188" y="249" width="266" height="130"/>
</OView>
<OView class="oracle.dbtools.crest.swingui.logical.TVEntity" oid="5FD68A5D-4086-84B8-DE2E-113CF66F8B63" otype="Entity" vid="50ADB0FE-3282-6AF0-5BFE-B1A4AC69EEAA">
<hideElementsInCurrentOnly>false</hideElementsInCurrentOnly>
<bounds x="498" y="546" width="234" height="220"/>
</OView>
<OView class="oracle.dbtools.crest.swingui.logical.TVEntity" oid="637AEB95-1B14-072A-0E6B-69D1E20B30DC" otype="Entity" vid="1A7CDD05-9A8B-EB45-B4DE-E32B27DFE29E">
<hideElementsInCurrentOnly>false</hideElementsInCurrentOnly>
<bounds x="779" y="538" width="164" height="181"/>
</OView>
<OView class="oracle.dbtools.crest.swingui.logical.TVEntity" oid="7318A250-AD6A-A686-207E-35873D5F8DBB" otype="Entity" vid="E28E475A-3C58-A6BB-F676-139A98DA2699">
<hideElementsInCurrentOnly>false</hideElementsInCurrentOnly>
<bounds x="412" y="298" width="295" height="122"/>
</OView>
<OView class="oracle.dbtools.crest.swingui.logical.TVEntity" oid="94B88BE3-2E4F-0379-A26F-980BB1297A67" otype="Entity" vid="1AE53C29-02D6-E875-4984-EA5196541A59">
<hideElementsInCurrentOnly>false</hideElementsInCurrentOnly>
<bounds x="1031" y="228" width="212" height="130"/>
</OView>
<OView class="oracle.dbtools.crest.swingui.logical.TVEntity" oid="9B45C594-091D-2576-146B-E5B44DCB9A8E" otype="Entity" vid="40361618-C447-4506-94E5-36445D687F36">
<hideElementsInCurrentOnly>false</hideElementsInCurrentOnly>
<bounds x="258" y="743" width="170" height="110"/>
</OView>
<OView class="oracle.dbtools.crest.swingui.logical.TVEntity" oid="A3D36D61-1936-EE86-3AFF-D1B4A3113199" otype="Entity" vid="5240A2C0-F5F1-EE21-9432-24CA560036E0">
<hideElementsInCurrentOnly>false</hideElementsInCurrentOnly>
<bounds x="603" y="0" width="143" height="171"/>
</OView>
<OView class="oracle.dbtools.crest.swingui.logical.TVEntity" oid="B04E975C-F189-B3E0-09C4-8679371EC83D" otype="Entity" vid="461D21CD-F65F-AA20-AC49-60206DA97CEC">
<hideElementsInCurrentOnly>false</hideElementsInCurrentOnly>
<bounds x="540" y="360" width="170" height="110"/>
</OView>
<OView class="oracle.dbtools.crest.swingui.logical.TVEntity" oid="B2245EFD-02E9-1CC3-302B-816603C9C787" otype="Entity" vid="12679FC6-4E3C-CC3E-12FB-AF6F701766E5">
<hideElementsInCurrentOnly>false</hideElementsInCurrentOnly>
<bounds x="370" y="45" width="112" height="108"/>
</OView>
<OView class="oracle.dbtools.crest.swingui.logical.TVEntity" oid="B9C2CB0D-D357-264E-4AD9-C94532CE160E" otype="Entity" vid="BD43047F-2267-C992-1009-3E0A0DDB70A9">
<hideElementsInCurrentOnly>false</hideElementsInCurrentOnly>
<bounds x="55" y="572" width="164" height="182"/>
</OView>
<OView class="oracle.dbtools.crest.swingui.logical.TVEntity" oid="BD79236F-EE31-1FEA-7C1F-97998F1A2285" otype="Entity" vid="E822929A-E4FB-E3A7-AB07-A9AC715E90DB">
<hideElementsInCurrentOnly>false</hideElementsInCurrentOnly>
<bounds x="31" y="16" width="267" height="322"/>
</OView>
<OView class="oracle.dbtools.crest.swingui.logical.TVEntity" oid="C42334E5-9414-C804-445F-A094003CD93E" otype="Entity" vid="EDA896B4-2B53-BDDE-91B0-C909987BB9A5">
<hideElementsInCurrentOnly>false</hideElementsInCurrentOnly>
<bounds x="230" y="417" width="170" height="43"/>
</OView>
<OView class="oracle.dbtools.crest.swingui.logical.TVEntity" oid="E004947A-F372-DE6C-AAD6-4B48E6EF7EB6" otype="Entity" vid="5E2B601F-C1EE-C68E-A2AC-01B367ED92F7">
<hideElementsInCurrentOnly>false</hideElementsInCurrentOnly>
<bounds x="17" y="381" width="317" height="331"/>
</OView>
<OView class="oracle.dbtools.crest.swingui.logical.TVEntity" oid="F1DB1101-C5E8-83F8-086F-ACE09D7B0A55" otype="Entity" vid="61A6218D-BBC4-97F4-5041-5698343899E0">
<hideElementsInCurrentOnly>false</hideElementsInCurrentOnly>
<bounds x="876" y="1" width="128" height="165"/>
</OView>
<OView class="oracle.dbtools.crest.swingui.logical.TVEntity" oid="F8E9A29E-D0CD-C97E-2624-7065910B8B34" otype="Entity" vid="AF30B222-02C6-6295-81C7-587D1D83072A">
<hideElementsInCurrentOnly>false</hideElementsInCurrentOnly>
<bounds x="307" y="204" width="7" height="11"/>
</OView>
<OView class="oracle.dbtools.crest.swingui.logical.TVEntity" oid="FC8DB3C4-45FF-C595-677A-5AE50590C0CD" otype="Entity" vid="8950EACA-28B7-F249-CB19-7E22109596E4">
<hideElementsInCurrentOnly>false</hideElementsInCurrentOnly>
<bounds x="737" y="224" width="150" height="150"/>
</OView>
</objectViews>
<connectors>
<Connector class="oracle.dbtools.crest.swingui.logical.TVRelation" oid="0120B70E-93EC-BBD8-776A-0E177D076903" otype="Relation" vid_source="50ADB0FE-3282-6AF0-5BFE-B1A4AC69EEAA" vid_target="1A7CDD05-9A8B-EB45-B4DE-E32B27DFE29E">
<hideElementsInCurrentOnly>false</hideElementsInCurrentOnly>
<backgroundColor>-16777216</backgroundColor>
<lineWidth>1</lineWidth>
<points>
<point x="732" y="647"/>
<point x="779" y="647"/>
</points>
</Connector>
<Connector class="oracle.dbtools.crest.swingui.logical.TVRelation" oid="06286D9B-DFD9-81D0-A58B-BC6FD24132D8" otype="Relation" vid_source="12679FC6-4E3C-CC3E-12FB-AF6F701766E5" vid_target="1A7CDD05-9A8B-EB45-B4DE-E32B27DFE29E">
<hideElementsInCurrentOnly>false</hideElementsInCurrentOnly>
<backgroundColor>-16777216</backgroundColor>
<lineWidth>1</lineWidth>
<points>
<point x="470" y="153"/>
<point x="786" y="538"/>
</points>
</Connector>
<Connector class="oracle.dbtools.crest.swingui.logical.TVRelation" oid="0C2E6D0C-CC2C-84ED-6173-E617160A19C5" otype="Relation" vid_source="1AE53C29-02D6-E875-4984-EA5196541A59" vid_target="E28E475A-3C58-A6BB-F676-139A98DA2699">
<hideElementsInCurrentOnly>false</hideElementsInCurrentOnly>
<backgroundColor>-16777216</backgroundColor>
<lineWidth>1</lineWidth>
<points>
<point x="1031" y="343"/>
<point x="707" y="343"/>
</points>
</Connector>
<Connector class="oracle.dbtools.crest.swingui.logical.TVRelation" oid="1E0F322F-4A99-948D-8072-5F195FC7AE2A" otype="Relation" vid_source="40361618-C447-4506-94E5-36445D687F36" vid_target="EDA896B4-2B53-BDDE-91B0-C909987BB9A5">
<hideElementsInCurrentOnly>false</hideElementsInCurrentOnly>
<backgroundColor>-16777216</backgroundColor>
<lineWidth>1</lineWidth>
<points>
<point x="329" y="743"/>
<point x="329" y="460"/>
</points>
</Connector>
<Connector class="oracle.dbtools.crest.swingui.logical.TVRelation" oid="331451DB-FCA3-0293-BCE1-A4E61D7FC0DA" otype="Relation" vid_source="461D21CD-F65F-AA20-AC49-60206DA97CEC" vid_target="EDA896B4-2B53-BDDE-91B0-C909987BB9A5">
<hideElementsInCurrentOnly>false</hideElementsInCurrentOnly>
<backgroundColor>-16777216</backgroundColor>
<lineWidth>1</lineWidth>
<points>
<point x="540" y="438"/>
<point x="400" y="438"/>
</points>
</Connector>
<Connector class="oracle.dbtools.crest.swingui.logical.TVRelation" oid="6101DE58-FC64-722C-0761-91D6D7EC47CC" otype="Relation" vid_source="734C3BE2-B2ED-3292-9856-8526992FA4A4" vid_target="BD43047F-2267-C992-1009-3E0A0DDB70A9">
<hideElementsInCurrentOnly>false</hideElementsInCurrentOnly>
<backgroundColor>-16777216</backgroundColor>
<lineWidth>1</lineWidth>
<points>
<point x="203" y="379"/>
<point x="203" y="572"/>
</points>
</Connector>
<Connector class="oracle.dbtools.crest.swingui.logical.TVRelation" oid="6EBCCDD8-FE65-3FD6-810B-6FB48D05C942" otype="Relation" vid_source="E28E475A-3C58-A6BB-F676-139A98DA2699" vid_target="E822929A-E4FB-E3A7-AB07-A9AC715E90DB">
<hideElementsInCurrentOnly>false</hideElementsInCurrentOnly>
<backgroundColor>-16777216</backgroundColor>
<lineWidth>1</lineWidth>
<points>
<point x="412" y="333"/>
<point x="298" y="333"/>
</points>
</Connector>
<Connector class="oracle.dbtools.crest.swingui.logical.TVRelation" oid="99D05FA8-7F5A-201B-8F1F-C2061C1D55BB" otype="Relation" vid_source="734C3BE2-B2ED-3292-9856-8526992FA4A4" vid_target="12679FC6-4E3C-CC3E-12FB-AF6F701766E5">
<hideElementsInCurrentOnly>false</hideElementsInCurrentOnly>
<backgroundColor>-16777216</backgroundColor>
<lineWidth>1</lineWidth>
<points>
<point x="412" y="249"/>
<point x="412" y="153"/>
</points>
</Connector>
<Connector class="oracle.dbtools.crest.swingui.logical.TVRelation" oid="AEE9A415-F0AD-844F-604B-00DBDEF79506" otype="Relation" vid_source="E28E475A-3C58-A6BB-F676-139A98DA2699" vid_target="5E2B601F-C1EE-C68E-A2AC-01B367ED92F7">
<hideElementsInCurrentOnly>false</hideElementsInCurrentOnly>
<backgroundColor>-16777216</backgroundColor>
<lineWidth>1</lineWidth>
<points>
<point x="412" y="415"/>
<point x="334" y="415"/>
</points>
</Connector>
<Connector class="oracle.dbtools.crest.swingui.logical.TVRelation" oid="B4D28FCE-08ED-8356-AE24-CE234EEAF88E" otype="Relation" vid_source="1AE53C29-02D6-E875-4984-EA5196541A59" vid_target="5E2B601F-C1EE-C68E-A2AC-01B367ED92F7">
<hideElementsInCurrentOnly>false</hideElementsInCurrentOnly>
<backgroundColor>-16777216</backgroundColor>
<lineWidth>1</lineWidth>
<points>
<point x="1031" y="320"/>
<point x="334" y="504"/>
</points>
</Connector>
<Connector class="oracle.dbtools.crest.swingui.logical.TVRelation" oid="B4E75DA8-0F97-06D8-2660-58DE07CC42BE" otype="Relation" vid_source="1AE53C29-02D6-E875-4984-EA5196541A59" vid_target="5240A2C0-F5F1-EE21-9432-24CA560036E0">
<hideElementsInCurrentOnly>false</hideElementsInCurrentOnly>
<backgroundColor>-16777216</backgroundColor>
<lineWidth>1</lineWidth>
<points>
<point x="1031" y="245"/>
<point x="746" y="117"/>
</points>
</Connector>
<Connector class="oracle.dbtools.crest.swingui.logical.TVRelation" oid="B9192AC5-BCC7-2B85-8669-0603919928A6" otype="Relation" vid_source="5E2B601F-C1EE-C68E-A2AC-01B367ED92F7" vid_target="E822929A-E4FB-E3A7-AB07-A9AC715E90DB">
<hideElementsInCurrentOnly>false</hideElementsInCurrentOnly>
<backgroundColor>-16777216</backgroundColor>
<lineWidth>1</lineWidth>
<points>
<point x="179" y="381"/>
<point x="179" y="338"/>
</points>
</Connector>
<Connector class="oracle.dbtools.crest.swingui.logical.TVRelation" oid="DE8DBE0F-70D2-F670-C7AA-7A18AE2B63D7" otype="Relation" vid_source="E822929A-E4FB-E3A7-AB07-A9AC715E90DB" vid_target="5E2B601F-C1EE-C68E-A2AC-01B367ED92F7">
<hideElementsInCurrentOnly>false</hideElementsInCurrentOnly>
<backgroundColor>-16777216</backgroundColor>
<lineWidth>1</lineWidth>
<points>
<point x="149" y="338"/>
<point x="149" y="381"/>
</points>
</Connector>
<Connector class="oracle.dbtools.crest.swingui.logical.TVRelation" oid="EC2E748C-1E6C-C7E8-E70A-B65C4C27E959" otype="Relation" vid_source="8950EACA-28B7-F249-CB19-7E22109596E4" vid_target="40361618-C447-4506-94E5-36445D687F36">
<hideElementsInCurrentOnly>false</hideElementsInCurrentOnly>
<backgroundColor>-16777216</backgroundColor>
<lineWidth>1</lineWidth>
<points>
<point x="741" y="374"/>
<point x="394" y="743"/>
</points>
</Connector>
<Connector class="oracle.dbtools.crest.swingui.logical.TVRelation" oid="F461B1D7-14EF-997C-5B61-BA7C0D90ADE2" otype="Relation" vid_source="1A7CDD05-9A8B-EB45-B4DE-E32B27DFE29E" vid_target="50ADB0FE-3282-6AF0-5BFE-B1A4AC69EEAA">
<hideElementsInCurrentOnly>false</hideElementsInCurrentOnly>
<backgroundColor>-16777216</backgroundColor>
<lineWidth>1</lineWidth>
<points>
<point x="779" y="632"/>
<point x="732" y="632"/>
</points>
</Connector>
</connectors>
</Diagram>