<?xml version = '1.0' encoding = 'UTF-8'?>
<FKIndexAssociation class="oracle.dbtools.crest.model.design.relational.FKIndexAssociation" directorySegmentName="seg_0" id="023FC18F-3A58-85FC-7BC9-589C9CFD3587" containerWithKeyObject="7CC1F5F9-D542-80AC-D407-080E8FA15CF2" localFKIndex="E5B9BD88-FA22-DE70-25DF-AC76ECAA5375" name="flight_country_data_FK">
<createdBy>κωστας κ</createdBy>
<createdTime>2020-06-02 14:44:17 UTC</createdTime>
<ownerDesignName>sqlproj2020_v2</ownerDesignName>
<referredTableLongName>country_data</referredTableLongName>
<deleteRule>NO ACTION</deleteRule>
<referredTableID>AFDA8ABC-2B50-F172-3D4F-E127960F6CB5</referredTableID>
<keyObject>4A68BAAD-F338-9963-34F4-67A43170E7C9</keyObject>
<referredKeyID>4A68BAAD-F338-9963-34F4-67A43170E7C9</referredKeyID>
<mandatory>true</mandatory>
<refColNames>country_name</refColNames>
<transferable>true</transferable>
<rely>false</rely>
<columnDependencyConstraintGenerateInDDL>true</columnDependencyConstraintGenerateInDDL>
</FKIndexAssociation>