<?xml version = '1.0' encoding = 'UTF-8'?>
<FKIndexAssociation class="oracle.dbtools.crest.model.design.relational.FKIndexAssociation" directorySegmentName="seg_0" id="0E18909D-295F-2FEA-46EE-DA3A8E631367" containerWithKeyObject="7CC1F5F9-D542-80AC-D407-080E8FA15CF2" localFKIndex="BBF60E78-E0FE-CB3D-5E6D-9C6A39EABBE1" name="flight_airlines_FK">
<createdBy>κωστας κ</createdBy>
<createdTime>2020-06-02 14:34:54 UTC</createdTime>
<ownerDesignName>sqlproj2020_v2</ownerDesignName>
<referredTableLongName>airlines</referredTableLongName>
<deleteRule>NO ACTION</deleteRule>
<referredTableID>CB11F2FB-1ECD-3A2E-359A-C9726FCE5228</referredTableID>
<keyObject>20D27591-5998-2F1A-DF29-5C01E2B7ED5C</keyObject>
<referredKeyID>20D27591-5998-2F1A-DF29-5C01E2B7ED5C</referredKeyID>
<mandatory>true</mandatory>
<refColNames>airline_id</refColNames>
<transferable>true</transferable>
<rely>false</rely>
<columnDependencyConstraintGenerateInDDL>true</columnDependencyConstraintGenerateInDDL>
</FKIndexAssociation>