<?xml version = '1.0' encoding = 'UTF-8'?>
<FKIndexAssociation class="oracle.dbtools.crest.model.design.relational.FKIndexAssociation" directorySegmentName="seg_0" id="5778226E-BBDB-59FB-E356-707E7D7D8620" containerWithKeyObject="7CC1F5F9-D542-80AC-D407-080E8FA15CF2" localFKIndex="C8D1EF94-07F7-5D55-FF5B-34C0185DF509" name="flight_booking_FK">
<createdBy>κωστας κ</createdBy>
<createdTime>2020-06-02 14:35:14 UTC</createdTime>
<ownerDesignName>sqlproj2020_v2</ownerDesignName>
<referredTableLongName>booking</referredTableLongName>
<deleteRule>NO ACTION</deleteRule>
<referredTableID>EC683EFF-59CD-6BCA-2501-6169642C1475</referredTableID>
<keyObject>CDC394C9-CC3D-EB9F-0780-0B355135DB1E</keyObject>
<referredKeyID>CDC394C9-CC3D-EB9F-0780-0B355135DB1E</referredKeyID>
<mandatory>true</mandatory>
<refColNames>booking_id</refColNames>
<transferable>true</transferable>
<rely>false</rely>
<columnDependencyConstraintGenerateInDDL>true</columnDependencyConstraintGenerateInDDL>
</FKIndexAssociation>