<?xml version = '1.0' encoding = 'UTF-8'?>
<FKIndexAssociation class="oracle.dbtools.crest.model.design.relational.FKIndexAssociation" directorySegmentName="seg_0" id="824DC3EC-3459-0204-AE85-54C9FA5C7ABC" containerWithKeyObject="9A97A8F2-3FAB-B3BE-B0DD-6AB166EA719D" localFKIndex="3182991C-CF98-6A18-309F-09A9CC98E1D1" name="airlinemanager_country_data_fk">
<sourceDDLFile>sqlv3.ddl</sourceDDLFile>
<createdBy>κωστας κ</createdBy>
<createdTime>2020-06-02 14:33:16 UTC</createdTime>
<ownerDesignName>sqlproj2020_v2</ownerDesignName>
<importedID>211C6C8A-F9A1-13D1-A843-E1F3D0EC0B5B</importedID>
<referredTableLongName>country_data</referredTableLongName>
<deleteRule>NO ACTION</deleteRule>
<referredTableID>AFDA8ABC-2B50-F172-3D4F-E127960F6CB5</referredTableID>
<keyObject>4A68BAAD-F338-9963-34F4-67A43170E7C9</keyObject>
<referredKeyID>4A68BAAD-F338-9963-34F4-67A43170E7C9</referredKeyID>
<mandatory>true</mandatory>
<refColNames>country_name</refColNames>
<transferable>true</transferable>
<rely>false</rely>
<columnDependencyConstraintGenerateInDDL>true</columnDependencyConstraintGenerateInDDL>
</FKIndexAssociation>