<?xml version = '1.0' encoding = 'UTF-8'?>
<FKIndexAssociation class="oracle.dbtools.crest.model.design.relational.FKIndexAssociation" directorySegmentName="seg_0" id="83D5F5B2-F9FB-4CCE-954D-E67D91FAF2D3" containerWithKeyObject="EC683EFF-59CD-6BCA-2501-6169642C1475" localFKIndex="4544DD53-FF62-B0B5-FD35-511F15AA1927" name="booking_flight_fk">
<sourceDDLFile>sqlv3.ddl</sourceDDLFile>
<createdBy>κωστας κ</createdBy>
<createdTime>2020-06-02 14:33:16 UTC</createdTime>
<ownerDesignName>sqlproj2020_v2</ownerDesignName>
<importedID>DC19BAAA-D92C-E2A1-C861-5F90C5C30149</importedID>
<referredTableLongName>flight</referredTableLongName>
<deleteRule>NO ACTION</deleteRule>
<referredTableID>7CC1F5F9-D542-80AC-D407-080E8FA15CF2</referredTableID>
<keyObject>30942711-F312-6B23-1C64-5FBC0A12401D</keyObject>
<referredKeyID>30942711-F312-6B23-1C64-5FBC0A12401D</referredKeyID>
<mandatory>true</mandatory>
<refColNames>flight_id</refColNames>
<transferable>true</transferable>
<rely>false</rely>
<columnDependencyConstraintGenerateInDDL>true</columnDependencyConstraintGenerateInDDL>
</FKIndexAssociation>