<?xml version = '1.0' encoding = 'UTF-8'?>
<FKIndexAssociation class="oracle.dbtools.crest.model.design.relational.FKIndexAssociation" directorySegmentName="seg_0" id="99AFFE9C-82F8-F278-3BC0-68D8B59CDAF6" containerWithKeyObject="CB11F2FB-1ECD-3A2E-359A-C9726FCE5228" localFKIndex="A103F9F8-782C-2E38-12C0-95334AEBEC83" name="airlines_country_data_fk">
<sourceDDLFile>sqlv3.ddl</sourceDDLFile>
<createdBy>κωστας κ</createdBy>
<createdTime>2020-06-02 14:33:16 UTC</createdTime>
<ownerDesignName>sqlproj2020_v2</ownerDesignName>
<importedID>6155941B-F641-A59C-70F4-3DAA0BE261AD</importedID>
<referredTableLongName>country_data</referredTableLongName>
<deleteRule>NO ACTION</deleteRule>
<referredTableID>AFDA8ABC-2B50-F172-3D4F-E127960F6CB5</referredTableID>
<keyObject>4A68BAAD-F338-9963-34F4-67A43170E7C9</keyObject>
<referredKeyID>4A68BAAD-F338-9963-34F4-67A43170E7C9</referredKeyID>
<mandatory>true</mandatory>
<refColNames>country_name</refColNames>
<transferable>true</transferable>
<rely>false</rely>
<columnDependencyConstraintGenerateInDDL>true</columnDependencyConstraintGenerateInDDL>
</FKIndexAssociation>