<?xml version = '1.0' encoding = 'UTF-8'?>
<FKIndexAssociation class="oracle.dbtools.crest.model.design.relational.FKIndexAssociation" directorySegmentName="seg_0" id="B6A91B9A-EE73-CB01-4CBA-64B634D43106" containerWithKeyObject="EC683EFF-59CD-6BCA-2501-6169642C1475" localFKIndex="F172C887-4315-66F8-99C2-C9FFCE41602A" name="booking_airlines_FK">
<createdBy>κωστας κ</createdBy>
<createdTime>2020-06-02 14:42:49 UTC</createdTime>
<ownerDesignName>sqlproj2020_v2</ownerDesignName>
<referredTableLongName>airlines</referredTableLongName>
<deleteRule>NO ACTION</deleteRule>
<referredTableID>CB11F2FB-1ECD-3A2E-359A-C9726FCE5228</referredTableID>
<keyObject>20D27591-5998-2F1A-DF29-5C01E2B7ED5C</keyObject>
<referredKeyID>20D27591-5998-2F1A-DF29-5C01E2B7ED5C</referredKeyID>
<mandatory>true</mandatory>
<refColNames>airline_id</refColNames>
<transferable>true</transferable>
<rely>false</rely>
<columnDependencyConstraintGenerateInDDL>true</columnDependencyConstraintGenerateInDDL>
</FKIndexAssociation>