<?xml version = '1.0' encoding = 'UTF-8'?>
<Table class="oracle.dbtools.crest.model.design.relational.Table" directorySegmentName="seg_0" id="7CC1F5F9-D542-80AC-D407-080E8FA15CF2" name="flight">
<sourceDDLFile>sqlv3.ddl</sourceDDLFile>
<createdBy>κωστας κ</createdBy>
<createdTime>2020-06-02 14:33:16 UTC</createdTime>
<ownerDesignName>sqlproj2020_v2</ownerDesignName>
<importedID>C3181295-C923-FC20-0B87-8A8C88800B17</importedID>
<allowColumnReorder>false</allowColumnReorder>
<existDependencyGenerateInDDl>true</existDependencyGenerateInDDl>
<parsed>true</parsed>
<columns itemClass="oracle.dbtools.crest.model.design.relational.Column">
<Column name="airlines_airline_id" id="B6D443B5-7775-E9D9-8C3D-5BFDCA31826C">
<sourceDDLFile>sqlv3.ddl</sourceDDLFile>
<createdBy>κωστας κ</createdBy>
<createdTime>2020-06-02 14:33:16 UTC</createdTime>
<ownerDesignName>sqlproj2020_v2</ownerDesignName>
<importedID>C97A10D2-C439-8D49-6110-EE84B4AA2018</importedID>
<use>0</use>
<logicalDatatype>LOGDT024</logicalDatatype>
<domain>083CA694-517A-972C-1C9C-F352B2964473</domain>
<ownDataTypeParameters>,,</ownDataTypeParameters>
<autoIncrementCycle>false</autoIncrementCycle>
<associations>
<colAssociation fkAssociation="0E18909D-295F-2FEA-46EE-DA3A8E631367" referredColumn="7062996B-5AD3-458E-AF80-A95EAA05B1BD"/>
</associations>
</Column>
<Column name="airlines_country_data_country_name" id="283D2B75-AD49-86A9-02B4-25C5A4B2D2E7">
<sourceDDLFile>sqlv3.ddl</sourceDDLFile>
<createdBy>κωστας κ</createdBy>
<createdTime>2020-06-02 14:33:16 UTC</createdTime>
<ownerDesignName>sqlproj2020_v2</ownerDesignName>
<importedID>05C07F2F-3544-0317-C290-6E6B620C32E9</importedID>
<use>0</use>
<logicalDatatype>LOGDT024</logicalDatatype>
<domain>57930A37-8AF8-EFA3-0654-531805749B9C</domain>
<ownDataTypeParameters>,,</ownDataTypeParameters>
<autoIncrementCycle>false</autoIncrementCycle>
<associations>
<colAssociation fkAssociation="023FC18F-3A58-85FC-7BC9-589C9CFD3587" referredColumn="1C8323EE-F99E-A829-FE47-8441E40578BD"/>
</associations>
</Column>
<Column name="booking_booking_id" id="9FED54BC-0F6A-93AB-061A-E725AA9CEC0B">
<sourceDDLFile>sqlv3.ddl</sourceDDLFile>
<createdBy>κωστας κ</createdBy>
<createdTime>2020-06-02 14:33:16 UTC</createdTime>
<ownerDesignName>sqlproj2020_v2</ownerDesignName>
<importedID>AC5E2E67-0BED-6E18-AAB5-E652BA51881A</importedID>
<use>0</use>
<logicalDatatype>LOGDT019</logicalDatatype>
<domain>525048C4-51DA-D265-C694-EF1AEE89C2F7</domain>
<ownDataTypeParameters>,,</ownDataTypeParameters>
<autoIncrementCycle>false</autoIncrementCycle>
<associations>
<colAssociation fkAssociation="5778226E-BBDB-59FB-E356-707E7D7D8620" referredColumn="CBD8ED28-A04D-2B8C-66A5-99C519A0832A"/>
</associations>
</Column>
<Column name="flight_id" id="0BDAF316-F202-A90D-5C7F-08953566E00D">
<sourceDDLFile>sqlv3.ddl</sourceDDLFile>
<createdBy>κωστας κ</createdBy>
<createdTime>2020-06-02 14:33:16 UTC</createdTime>
<ownerDesignName>sqlproj2020_v2</ownerDesignName>
<importedID>68F9F95E-E58A-95B8-1B8D-D87715BFFC19</importedID>
<use>0</use>
<logicalDatatype>LOGDT024</logicalDatatype>
<domain>04F0D163-02C3-3C9E-F2E0-E681D611C8E7</domain>
<ownDataTypeParameters>,,</ownDataTypeParameters>
<autoIncrementCycle>false</autoIncrementCycle>
</Column>
<Column name="business" id="46D9E49A-DD72-0B50-63E9-ECC74C367220">
<sourceDDLFile>sqlv3.ddl</sourceDDLFile>
<createdBy>κωστας κ</createdBy>
<createdTime>2020-06-02 14:33:16 UTC</createdTime>
<ownerDesignName>sqlproj2020_v2</ownerDesignName>
<importedID>F6C97061-254D-EA78-7FE2-EA5BD4229449</importedID>
<use>0</use>
<logicalDatatype>LOGDT025</logicalDatatype>
<domain>D0399F0C-DA0D-0D49-A82A-E8C750A2D68C</domain>
<ownDataTypeParameters>,,</ownDataTypeParameters>
<autoIncrementCycle>false</autoIncrementCycle>
</Column>
<Column name="smokers" id="D707A890-14F1-FD07-8D8E-B5885FD86979">
<sourceDDLFile>sqlv3.ddl</sourceDDLFile>
<createdBy>κωστας κ</createdBy>
<createdTime>2020-06-02 14:33:16 UTC</createdTime>
<ownerDesignName>sqlproj2020_v2</ownerDesignName>
<importedID>769B35C9-EBF8-F1F5-DA1C-D0B5A8D22C47</importedID>
<use>0</use>
<logicalDatatype>LOGDT025</logicalDatatype>
<domain>D0399F0C-DA0D-0D49-A82A-E8C750A2D68C</domain>
<ownDataTypeParameters>,,</ownDataTypeParameters>
<autoIncrementCycle>false</autoIncrementCycle>
</Column>
<Column name="flight_duration" id="4CE90146-079E-DD3C-D389-5B06C6337DDE">
<sourceDDLFile>sqlv3.ddl</sourceDDLFile>
<createdBy>κωστας κ</createdBy>
<createdTime>2020-06-02 14:33:16 UTC</createdTime>
<ownerDesignName>sqlproj2020_v2</ownerDesignName>
<importedID>66ACA397-055B-BD3C-6BFC-5C67853569F6</importedID>
<use>0</use>
<logicalDatatype>LOGDT056</logicalDatatype>
<domain>A60CB79A-FAF6-9FD2-A43F-26EC30A3A23B</domain>
<ownDataTypeParameters>,,</ownDataTypeParameters>
<autoIncrementCycle>false</autoIncrementCycle>
</Column>
<Column name="total_seats_business" id="792BB140-BC14-CF94-3E2C-D98324F9BD56">
<sourceDDLFile>sqlv3.ddl</sourceDDLFile>
<createdBy>κωστας κ</createdBy>
<createdTime>2020-06-02 14:33:16 UTC</createdTime>
<ownerDesignName>sqlproj2020_v2</ownerDesignName>
<importedID>DE37639D-77DB-67E1-F1D9-944198B8710D</importedID>
<use>0</use>
<logicalDatatype>LOGDT019</logicalDatatype>
<domain>525048C4-51DA-D265-C694-EF1AEE89C2F7</domain>
<ownDataTypeParameters>,,</ownDataTypeParameters>
<autoIncrementCycle>false</autoIncrementCycle>
</Column>
<Column name="total_seats_economy" id="ABF50AFE-7668-92BA-15D3-93551B1E0982">
<sourceDDLFile>sqlv3.ddl</sourceDDLFile>
<createdBy>κωστας κ</createdBy>
<createdTime>2020-06-02 14:33:16 UTC</createdTime>
<ownerDesignName>sqlproj2020_v2</ownerDesignName>
<importedID>57549903-D232-801F-33C5-AE77D33D0EE0</importedID>
<use>0</use>
<logicalDatatype>LOGDT019</logicalDatatype>
<domain>525048C4-51DA-D265-C694-EF1AEE89C2F7</domain>
<ownDataTypeParameters>,,</ownDataTypeParameters>
<autoIncrementCycle>false</autoIncrementCycle>
</Column>
<Column name="reserved_business_seats" id="EBA85DB7-BB77-1EBD-E0F3-52993857E67C">
<sourceDDLFile>sqlv3.ddl</sourceDDLFile>
<createdBy>κωστας κ</createdBy>
<createdTime>2020-06-02 14:33:16 UTC</createdTime>
<ownerDesignName>sqlproj2020_v2</ownerDesignName>
<importedID>422DCA27-6D1E-E1E6-15B9-07C85C667CCB</importedID>
<use>0</use>
<logicalDatatype>LOGDT019</logicalDatatype>
<domain>525048C4-51DA-D265-C694-EF1AEE89C2F7</domain>
<ownDataTypeParameters>,,</ownDataTypeParameters>
<autoIncrementCycle>false</autoIncrementCycle>
</Column>
<Column name="reserved_economy_seats" id="07F05042-73E6-3F93-60C0-0476F8598D95">
<sourceDDLFile>sqlv3.ddl</sourceDDLFile>
<createdBy>κωστας κ</createdBy>
<createdTime>2020-06-02 14:33:16 UTC</createdTime>
<ownerDesignName>sqlproj2020_v2</ownerDesignName>
<importedID>44E60746-9EF6-6AF5-B1CA-8D3F2F0E264F</importedID>
<use>0</use>
<logicalDatatype>LOGDT019</logicalDatatype>
<domain>525048C4-51DA-D265-C694-EF1AEE89C2F7</domain>
<ownDataTypeParameters>,,</ownDataTypeParameters>
<autoIncrementCycle>false</autoIncrementCycle>
</Column>
<Column name="airline_code" id="26F8DC61-3151-8547-CA40-DFEEA7E82D7B">
<sourceDDLFile>sqlv3.ddl</sourceDDLFile>
<createdBy>κωστας κ</createdBy>
<createdTime>2020-06-02 14:33:16 UTC</createdTime>
<ownerDesignName>sqlproj2020_v2</ownerDesignName>
<importedID>3BB04566-76E2-E5D9-AB5D-F9AF65C6C6DC</importedID>
<use>0</use>
<logicalDatatype>LOGDT024</logicalDatatype>
<domain>E8E5F12D-8491-0B6D-8397-33926E273CDD</domain>
<ownDataTypeParameters>,,</ownDataTypeParameters>
<autoIncrementCycle>false</autoIncrementCycle>
</Column>
<Column name="airline_destination_code" id="33B31FE5-367F-C20B-8262-B6A2A945C0DA">
<sourceDDLFile>sqlv3.ddl</sourceDDLFile>
<createdBy>κωστας κ</createdBy>
<createdTime>2020-06-02 14:33:16 UTC</createdTime>
<ownerDesignName>sqlproj2020_v2</ownerDesignName>
<importedID>BBAD5537-9154-E05B-D620-98A9FA99F3EF</importedID>
<use>0</use>
<logicalDatatype>LOGDT024</logicalDatatype>
<domain>E8E5F12D-8491-0B6D-8397-33926E273CDD</domain>
<ownDataTypeParameters>,,</ownDataTypeParameters>
<autoIncrementCycle>false</autoIncrementCycle>
</Column>
<Column name="departure_time_and_date" id="BD717430-BAA2-B3C4-3F92-8AC64371BCBF">
<sourceDDLFile>sqlv3.ddl</sourceDDLFile>
<createdBy>κωστας κ</createdBy>
<createdTime>2020-06-02 14:33:16 UTC</createdTime>
<ownerDesignName>sqlproj2020_v2</ownerDesignName>
<importedID>ACBE1368-0C31-230C-4F70-6CA9BCD8A51F</importedID>
<use>0</use>
<logicalDatatype>LOGDT024</logicalDatatype>
<domain>E8E5F12D-8491-0B6D-8397-33926E273CDD</domain>
<ownDataTypeParameters>,,</ownDataTypeParameters>
<autoIncrementCycle>false</autoIncrementCycle>
</Column>
<Column name="UNIQUE" id="AC99F3AA-B948-4994-F631-DC5C97409970">
<sourceDDLFile>sqlv3.ddl</sourceDDLFile>
<createdBy>κωστας κ</createdBy>
<createdTime>2020-06-02 14:33:16 UTC</createdTime>
<ownerDesignName>sqlproj2020_v2</ownerDesignName>
<importedID>AB7E81C2-6C38-5FBD-FE74-4F06D55837C3</importedID>
<nullsAllowed>true</nullsAllowed>
<use>0</use>
<ownDataTypeParameters>,,</ownDataTypeParameters>
<autoIncrementCycle>false</autoIncrementCycle>
</Column>
<Column name="KEY" id="16E62B65-7E6F-4B6C-861B-AED8A4F1D734">
<sourceDDLFile>sqlv3.ddl</sourceDDLFile>
<createdBy>κωστας κ</createdBy>
<createdTime>2020-06-02 14:33:16 UTC</createdTime>
<ownerDesignName>sqlproj2020_v2</ownerDesignName>
<importedID>CE6621BD-6FD1-B74C-6A6D-E2E37FE4D6CE</importedID>
<nullsAllowed>true</nullsAllowed>
<use>0</use>
<ownDataTypeParameters>,,</ownDataTypeParameters>
<autoIncrementCycle>false</autoIncrementCycle>
</Column>
<Column name="KEY1" id="848A1C4E-9AFC-6823-AA66-0881E022D9E0">
<sourceDDLFile>sqlv3.ddl</sourceDDLFile>
<createdBy>κωστας κ</createdBy>
<createdTime>2020-06-02 14:33:16 UTC</createdTime>
<ownerDesignName>sqlproj2020_v2</ownerDesignName>
<importedID>7E6E28C0-E75F-15A5-87A4-84DA048627DA</importedID>
<nullsAllowed>true</nullsAllowed>
<use>0</use>
<ownDataTypeParameters>,,</ownDataTypeParameters>
<autoIncrementCycle>false</autoIncrementCycle>
</Column>
</columns>
<indexes itemClass="oracle.dbtools.crest.model.design.relational.Index">
<ind_PK_UK id="30942711-F312-6B23-1C64-5FBC0A12401D" name="flight_PK">
<sourceDDLFile>sqlv3.ddl</sourceDDLFile>
<createdBy>κωστας κ</createdBy>
<createdTime>2020-06-02 14:33:16 UTC</createdTime>
<ownerDesignName>sqlproj2020_v2</ownerDesignName>
<importedID>651681C1-80E0-C850-474A-97E5EA325A96</importedID>
<pk>true</pk>
<indexState>Primary Constraint</indexState>
<isSurrogateKey>false</isSurrogateKey>
<indexColumnUsage>
<colUsage columnID="0BDAF316-F202-A90D-5C7F-08953566E00D"/>
</indexColumnUsage>
</ind_PK_UK>
<ind_PK_UK id="BBF60E78-E0FE-CB3D-5E6D-9C6A39EABBE1" name="flight_airlines_FK">
<createdBy>κωστας κ</createdBy>
<createdTime>2020-06-02 14:34:54 UTC</createdTime>
<ownerDesignName>sqlproj2020_v2</ownerDesignName>
<indexState>Foreign Key</indexState>
<isSurrogateKey>false</isSurrogateKey>
<indexColumnUsage>
<colUsage columnID="B6D443B5-7775-E9D9-8C3D-5BFDCA31826C"/>
</indexColumnUsage>
</ind_PK_UK>
<ind_PK_UK id="C8D1EF94-07F7-5D55-FF5B-34C0185DF509" name="flight_booking_FK">
<createdBy>κωστας κ</createdBy>
<createdTime>2020-06-02 14:35:14 UTC</createdTime>
<ownerDesignName>sqlproj2020_v2</ownerDesignName>
<indexState>Foreign Key</indexState>
<isSurrogateKey>false</isSurrogateKey>
<indexColumnUsage>
<colUsage columnID="9FED54BC-0F6A-93AB-061A-E725AA9CEC0B"/>
</indexColumnUsage>
</ind_PK_UK>
<ind_PK_UK id="E5B9BD88-FA22-DE70-25DF-AC76ECAA5375" name="flight_country_data_FK">
<createdBy>κωστας κ</createdBy>
<createdTime>2020-06-02 14:44:17 UTC</createdTime>
<ownerDesignName>sqlproj2020_v2</ownerDesignName>
<indexState>Foreign Key</indexState>
<isSurrogateKey>false</isSurrogateKey>
<indexColumnUsage>
<colUsage columnID="283D2B75-AD49-86A9-02B4-25C5A4B2D2E7"/>
</indexColumnUsage>
</ind_PK_UK>
</indexes>
</Table>