<?xml version = '1.0' encoding = 'UTF-8'?>
<Table class="oracle.dbtools.crest.model.design.relational.Table" directorySegmentName="seg_0" id="AFDA8ABC-2B50-F172-3D4F-E127960F6CB5" name="country_data">
<sourceDDLFile>sqlv3.ddl</sourceDDLFile>
<createdBy>κωστας κ</createdBy>
<createdTime>2020-06-02 14:33:16 UTC</createdTime>
<ownerDesignName>sqlproj2020_v2</ownerDesignName>
<importedID>EA685FC6-DBF7-8217-BAAA-278A6E778E17</importedID>
<allowColumnReorder>false</allowColumnReorder>
<existDependencyGenerateInDDl>true</existDependencyGenerateInDDl>
<parsed>true</parsed>
<columns itemClass="oracle.dbtools.crest.model.design.relational.Column">
<Column name="country_name" id="1C8323EE-F99E-A829-FE47-8441E40578BD">
<sourceDDLFile>sqlv3.ddl</sourceDDLFile>
<createdBy>κωστας κ</createdBy>
<createdTime>2020-06-02 14:33:16 UTC</createdTime>
<ownerDesignName>sqlproj2020_v2</ownerDesignName>
<importedID>373BB943-5D45-F7E0-7E8D-4587880F787E</importedID>
<use>0</use>
<logicalDatatype>LOGDT024</logicalDatatype>
<domain>57930A37-8AF8-EFA3-0654-531805749B9C</domain>
<ownDataTypeParameters>,,</ownDataTypeParameters>
<autoIncrementCycle>false</autoIncrementCycle>
</Column>
<Column name="exchange_rate" id="3825CD13-D201-54C9-B903-F8E243C1994A">
<sourceDDLFile>sqlv3.ddl</sourceDDLFile>
<createdBy>κωστας κ</createdBy>
<createdTime>2020-06-02 14:33:16 UTC</createdTime>
<ownerDesignName>sqlproj2020_v2</ownerDesignName>
<importedID>B2B15E2E-B0E6-C35C-3930-FA35A102A208</importedID>
<use>0</use>
<logicalDatatype>LOGDT056</logicalDatatype>
<domain>A60CB79A-FAF6-9FD2-A43F-26EC30A3A23B</domain>
<ownDataTypeParameters>,,</ownDataTypeParameters>
<autoIncrementCycle>false</autoIncrementCycle>
</Column>
<Column name="currency_rate" id="D537120B-C961-799A-E73C-96A0E7B391EC">
<sourceDDLFile>sqlv3.ddl</sourceDDLFile>
<createdBy>κωστας κ</createdBy>
<createdTime>2020-06-02 14:33:16 UTC</createdTime>
<ownerDesignName>sqlproj2020_v2</ownerDesignName>
<importedID>9058FA6F-98F4-20CC-A757-E49B2FD0011D</importedID>
<use>0</use>
<logicalDatatype>LOGDT024</logicalDatatype>
<domain>083CA694-517A-972C-1C9C-F352B2964473</domain>
<ownDataTypeParameters>,,</ownDataTypeParameters>
<autoIncrementCycle>false</autoIncrementCycle>
</Column>
<Column name="coin_name" id="0F931F5E-0A6D-C0AF-F53A-16763DC2D23C">
<sourceDDLFile>sqlv3.ddl</sourceDDLFile>
<createdBy>κωστας κ</createdBy>
<createdTime>2020-06-02 14:33:16 UTC</createdTime>
<ownerDesignName>sqlproj2020_v2</ownerDesignName>
<importedID>01B3D382-879E-9FB7-38F5-F6EB0C372C18</importedID>
<use>0</use>
<logicalDatatype>LOGDT024</logicalDatatype>
<domain>083CA694-517A-972C-1C9C-F352B2964473</domain>
<ownDataTypeParameters>,,</ownDataTypeParameters>
<autoIncrementCycle>false</autoIncrementCycle>
</Column>
<Column name="retainer" id="1A623B37-4A28-4F18-DD5B-A328733285E9">
<sourceDDLFile>sqlv3.ddl</sourceDDLFile>
<createdBy>κωστας κ</createdBy>
<createdTime>2020-06-02 14:33:16 UTC</createdTime>
<ownerDesignName>sqlproj2020_v2</ownerDesignName>
<importedID>732C9F05-8B4D-37F7-17E6-868DCA033DD6</importedID>
<use>0</use>
<logicalDatatype>LOGDT056</logicalDatatype>
<domain>A60CB79A-FAF6-9FD2-A43F-26EC30A3A23B</domain>
<ownDataTypeParameters>,,</ownDataTypeParameters>
<autoIncrementCycle>false</autoIncrementCycle>
</Column>
<Column name="UNIQUE" id="B166F497-BA3C-19DE-8929-83E79F923584">
<sourceDDLFile>sqlv3.ddl</sourceDDLFile>
<createdBy>κωστας κ</createdBy>
<createdTime>2020-06-02 14:33:16 UTC</createdTime>
<ownerDesignName>sqlproj2020_v2</ownerDesignName>
<importedID>A916516C-5B3A-CE83-AFB7-14DA56FCE384</importedID>
<nullsAllowed>true</nullsAllowed>
<use>0</use>
<ownDataTypeParameters>,,</ownDataTypeParameters>
<autoIncrementCycle>false</autoIncrementCycle>
</Column>
</columns>
<indexes itemClass="oracle.dbtools.crest.model.design.relational.Index">
<ind_PK_UK id="4A68BAAD-F338-9963-34F4-67A43170E7C9" name="country_data_PK">
<sourceDDLFile>sqlv3.ddl</sourceDDLFile>
<createdBy>κωστας κ</createdBy>
<createdTime>2020-06-02 14:33:16 UTC</createdTime>
<ownerDesignName>sqlproj2020_v2</ownerDesignName>
<importedID>7D3FA0E9-B18F-98B6-092D-9FF02F53997E</importedID>
<pk>true</pk>
<indexState>Primary Constraint</indexState>
<isSurrogateKey>false</isSurrogateKey>
<indexColumnUsage>
<colUsage columnID="1C8323EE-F99E-A829-FE47-8441E40578BD"/>
</indexColumnUsage>
</ind_PK_UK>
</indexes>
</Table>