<?xml version = '1.0' encoding = 'UTF-8'?>
<Table class="oracle.dbtools.crest.model.design.relational.Table" directorySegmentName="seg_0" id="CB11F2FB-1ECD-3A2E-359A-C9726FCE5228" name="airlines">
<sourceDDLFile>sqlv3.ddl</sourceDDLFile>
<createdBy>κωστας κ</createdBy>
<createdTime>2020-06-02 14:33:16 UTC</createdTime>
<ownerDesignName>sqlproj2020_v2</ownerDesignName>
<importedID>81B0978A-38CA-B646-7376-5354AFCC89CC</importedID>
<allowColumnReorder>false</allowColumnReorder>
<existDependencyGenerateInDDl>true</existDependencyGenerateInDDl>
<parsed>true</parsed>
<columns itemClass="oracle.dbtools.crest.model.design.relational.Column">
<Column name="airline_id" id="7062996B-5AD3-458E-AF80-A95EAA05B1BD">
<sourceDDLFile>sqlv3.ddl</sourceDDLFile>
<createdBy>κωστας κ</createdBy>
<createdTime>2020-06-02 14:33:16 UTC</createdTime>
<ownerDesignName>sqlproj2020_v2</ownerDesignName>
<importedID>76EC10F0-6513-23CF-4094-B3409D7FD179</importedID>
<use>0</use>
<logicalDatatype>LOGDT024</logicalDatatype>
<domain>083CA694-517A-972C-1C9C-F352B2964473</domain>
<ownDataTypeParameters>,,</ownDataTypeParameters>
<autoIncrementCycle>false</autoIncrementCycle>
</Column>
<Column name="country_data_country_name" id="98E363CB-8F08-F542-5DF9-4EEE60636892">
<sourceDDLFile>sqlv3.ddl</sourceDDLFile>
<createdBy>κωστας κ</createdBy>
<createdTime>2020-06-02 14:33:16 UTC</createdTime>
<ownerDesignName>sqlproj2020_v2</ownerDesignName>
<importedID>FF643882-746E-ECFF-DAA3-08497334AE81</importedID>
<use>0</use>
<logicalDatatype>LOGDT024</logicalDatatype>
<domain>57930A37-8AF8-EFA3-0654-531805749B9C</domain>
<ownDataTypeParameters>,,</ownDataTypeParameters>
<autoIncrementCycle>false</autoIncrementCycle>
<associations>
<colAssociation fkAssociation="99AFFE9C-82F8-F278-3BC0-68D8B59CDAF6" referredColumn="1C8323EE-F99E-A829-FE47-8441E40578BD"/>
</associations>
</Column>
<Column name="UNIQUE" id="7777A1FC-E894-6979-9391-8C7043EFC900">
<sourceDDLFile>sqlv3.ddl</sourceDDLFile>
<createdBy>κωστας κ</createdBy>
<createdTime>2020-06-02 14:33:16 UTC</createdTime>
<ownerDesignName>sqlproj2020_v2</ownerDesignName>
<importedID>A7E38C0F-D2E2-E66B-E150-995BE3C20D9D</importedID>
<nullsAllowed>true</nullsAllowed>
<use>0</use>
<ownDataTypeParameters>,,</ownDataTypeParameters>
<autoIncrementCycle>false</autoIncrementCycle>
</Column>
<Column name="KEY" id="95ADEE43-B2D7-2BF3-693B-C8C6154C69A6">
<sourceDDLFile>sqlv3.ddl</sourceDDLFile>
<createdBy>κωστας κ</createdBy>
<createdTime>2020-06-02 14:33:16 UTC</createdTime>
<ownerDesignName>sqlproj2020_v2</ownerDesignName>
<importedID>F82A72C2-5758-14BC-B28F-A3DA271F2F84</importedID>
<nullsAllowed>true</nullsAllowed>
<use>0</use>
<ownDataTypeParameters>,,</ownDataTypeParameters>
<autoIncrementCycle>false</autoIncrementCycle>
</Column>
</columns>
<indexes itemClass="oracle.dbtools.crest.model.design.relational.Index">
<ind_PK_UK id="20D27591-5998-2F1A-DF29-5C01E2B7ED5C" name="airlines_PK">
<sourceDDLFile>sqlv3.ddl</sourceDDLFile>
<createdBy>κωστας κ</createdBy>
<createdTime>2020-06-02 14:33:16 UTC</createdTime>
<ownerDesignName>sqlproj2020_v2</ownerDesignName>
<importedID>36ADCD63-D99B-696F-5443-438D1630A008</importedID>
<pk>true</pk>
<indexState>Primary Constraint</indexState>
<isSurrogateKey>false</isSurrogateKey>
<indexColumnUsage>
<colUsage columnID="7062996B-5AD3-458E-AF80-A95EAA05B1BD"/>
</indexColumnUsage>
</ind_PK_UK>
<ind_PK_UK id="A103F9F8-782C-2E38-12C0-95334AEBEC83" name="airlines_country_data_fk">
<createdBy>κωστας κ</createdBy>
<createdTime>2020-06-02 14:33:16 UTC</createdTime>
<ownerDesignName>sqlproj2020_v2</ownerDesignName>
<indexState>Foreign Key</indexState>
<isSurrogateKey>false</isSurrogateKey>
<indexColumnUsage>
<colUsage columnID="98E363CB-8F08-F542-5DF9-4EEE60636892"/>
</indexColumnUsage>
</ind_PK_UK>
</indexes>
</Table>