<?xml version = '1.0' encoding = 'UTF-8'?>
<Table class="oracle.dbtools.crest.model.design.relational.Table" directorySegmentName="seg_0" id="EC683EFF-59CD-6BCA-2501-6169642C1475" name="booking">
<sourceDDLFile>sqlv3.ddl</sourceDDLFile>
<createdBy>κωστας κ</createdBy>
<createdTime>2020-06-02 14:33:16 UTC</createdTime>
<ownerDesignName>sqlproj2020_v2</ownerDesignName>
<importedID>2C6B625F-091E-0595-C55C-C9169BEA0EFF</importedID>
<allowColumnReorder>false</allowColumnReorder>
<existDependencyGenerateInDDl>true</existDependencyGenerateInDDl>
<parsed>true</parsed>
<columns itemClass="oracle.dbtools.crest.model.design.relational.Column">
<Column name="booking_id" id="CBD8ED28-A04D-2B8C-66A5-99C519A0832A">
<sourceDDLFile>sqlv3.ddl</sourceDDLFile>
<createdBy>κωστας κ</createdBy>
<createdTime>2020-06-02 14:33:16 UTC</createdTime>
<ownerDesignName>sqlproj2020_v2</ownerDesignName>
<importedID>C90035C6-1DA4-C8FF-6A75-01156A57EB0A</importedID>
<use>0</use>
<logicalDatatype>LOGDT019</logicalDatatype>
<domain>525048C4-51DA-D265-C694-EF1AEE89C2F7</domain>
<ownDataTypeParameters>,,</ownDataTypeParameters>
<autoIncrementCycle>false</autoIncrementCycle>
</Column>
<Column name="location_booking" id="A14722AA-E5BD-ADCD-DEB2-611A88DD5304">
<sourceDDLFile>sqlv3.ddl</sourceDDLFile>
<createdBy>κωστας κ</createdBy>
<createdTime>2020-06-02 14:33:16 UTC</createdTime>
<ownerDesignName>sqlproj2020_v2</ownerDesignName>
<importedID>1314B97D-998C-5C8B-8194-F41B8ECBF316</importedID>
<use>0</use>
<logicalDatatype>LOGDT024</logicalDatatype>
<domain>57930A37-8AF8-EFA3-0654-531805749B9C</domain>
<ownDataTypeParameters>,,</ownDataTypeParameters>
<autoIncrementCycle>false</autoIncrementCycle>
</Column>
<Column name="booking_date" id="79D889A5-6103-ADAF-D737-1C1AFDC2B24F">
<sourceDDLFile>sqlv3.ddl</sourceDDLFile>
<createdBy>κωστας κ</createdBy>
<createdTime>2020-06-02 14:33:16 UTC</createdTime>
<ownerDesignName>sqlproj2020_v2</ownerDesignName>
<importedID>ECBE9066-5F3D-2210-4F8E-89EDFE12D0A4</importedID>
<use>0</use>
<logicalDatatype>LOGDT024</logicalDatatype>
<domain>24191F83-2B7E-71D7-CA2C-1783DB4C8BD6</domain>
<ownDataTypeParameters>,,</ownDataTypeParameters>
<autoIncrementCycle>false</autoIncrementCycle>
</Column>
<Column name="Landing_Date&amp;Time" id="76C421A2-AB29-9273-C74D-01FC475AD6B2">
<sourceDDLFile>sqlv3.ddl</sourceDDLFile>
<createdBy>κωστας κ</createdBy>
<createdTime>2020-06-02 14:33:16 UTC</createdTime>
<ownerDesignName>sqlproj2020_v2</ownerDesignName>
<importedID>7F5F207E-39DD-3976-76CA-24F707CCE0F6</importedID>
<use>0</use>
<logicalDatatype>LOGDT024</logicalDatatype>
<domain>24191F83-2B7E-71D7-CA2C-1783DB4C8BD6</domain>
<ownDataTypeParameters>,,</ownDataTypeParameters>
<autoIncrementCycle>false</autoIncrementCycle>
</Column>
<Column name="seat_category" id="F436FB64-9D44-1E57-B913-43149C6D5BDE">
<sourceDDLFile>sqlv3.ddl</sourceDDLFile>
<createdBy>κωστας κ</createdBy>
<createdTime>2020-06-02 14:33:16 UTC</createdTime>
<ownerDesignName>sqlproj2020_v2</ownerDesignName>
<importedID>F0A2D6B0-63FC-436D-20B6-713AFBF36F7A</importedID>
<use>0</use>
<logicalDatatype>LOGDT024</logicalDatatype>
<domain>57930A37-8AF8-EFA3-0654-531805749B9C</domain>
<ownDataTypeParameters>,,</ownDataTypeParameters>
<autoIncrementCycle>false</autoIncrementCycle>
</Column>
<Column name="total_price" id="1A75DD2C-6154-F5C2-63A3-303AC07628D9">
<sourceDDLFile>sqlv3.ddl</sourceDDLFile>
<createdBy>κωστας κ</createdBy>
<createdTime>2020-06-02 14:33:16 UTC</createdTime>
<ownerDesignName>sqlproj2020_v2</ownerDesignName>
<importedID>DF77C259-9F6E-D721-51B2-442D75FBF1D6</importedID>
<use>0</use>
<logicalDatatype>LOGDT056</logicalDatatype>
<domain>A60CB79A-FAF6-9FD2-A43F-26EC30A3A23B</domain>
<ownDataTypeParameters>,,</ownDataTypeParameters>
<autoIncrementCycle>false</autoIncrementCycle>
</Column>
<Column name="seat_state" id="9AF31C1F-593C-FBB1-D8E3-E2E1A2CE1A5B">
<sourceDDLFile>sqlv3.ddl</sourceDDLFile>
<createdBy>κωστας κ</createdBy>
<createdTime>2020-06-02 14:33:16 UTC</createdTime>
<ownerDesignName>sqlproj2020_v2</ownerDesignName>
<importedID>7F387E7A-1F01-44FA-8F59-90043523D896</importedID>
<use>0</use>
<logicalDatatype>LOGDT024</logicalDatatype>
<domain>57930A37-8AF8-EFA3-0654-531805749B9C</domain>
<ownDataTypeParameters>,,</ownDataTypeParameters>
<autoIncrementCycle>false</autoIncrementCycle>
</Column>
<Column name="payadvance" id="44C37DD3-2E0F-AB02-32C8-38A0955C6C87">
<sourceDDLFile>sqlv3.ddl</sourceDDLFile>
<createdBy>κωστας κ</createdBy>
<createdTime>2020-06-02 14:33:16 UTC</createdTime>
<ownerDesignName>sqlproj2020_v2</ownerDesignName>
<importedID>1CE09CCE-88B3-A0B2-04DB-A06DE1B3FAD5</importedID>
<use>0</use>
<logicalDatatype>LOGDT056</logicalDatatype>
<domain>A60CB79A-FAF6-9FD2-A43F-26EC30A3A23B</domain>
<ownDataTypeParameters>,,</ownDataTypeParameters>
<autoIncrementCycle>false</autoIncrementCycle>
</Column>
<Column name="flight_flight_id" id="0A180747-E71E-E13B-782C-90A45D031292">
<sourceDDLFile>sqlv3.ddl</sourceDDLFile>
<createdBy>κωστας κ</createdBy>
<createdTime>2020-06-02 14:33:16 UTC</createdTime>
<ownerDesignName>sqlproj2020_v2</ownerDesignName>
<importedID>6FD37CBA-9BE1-73DC-5523-8C1D5ABAFED3</importedID>
<use>0</use>
<logicalDatatype>LOGDT024</logicalDatatype>
<domain>04F0D163-02C3-3C9E-F2E0-E681D611C8E7</domain>
<ownDataTypeParameters>,,</ownDataTypeParameters>
<autoIncrementCycle>false</autoIncrementCycle>
<associations>
<colAssociation fkAssociation="83D5F5B2-F9FB-4CCE-954D-E67D91FAF2D3" referredColumn="0BDAF316-F202-A90D-5C7F-08953566E00D"/>
</associations>
</Column>
<Column name="booking_airline_id" id="E20E0FE4-2E9A-D5E8-92B0-67BC56E1E125">
<sourceDDLFile>sqlv3.ddl</sourceDDLFile>
<createdBy>κωστας κ</createdBy>
<createdTime>2020-06-02 14:33:16 UTC</createdTime>
<ownerDesignName>sqlproj2020_v2</ownerDesignName>
<importedID>1CE43E89-1B6A-D269-E067-1BFB40D94F00</importedID>
<use>0</use>
<logicalDatatype>LOGDT024</logicalDatatype>
<domain>083CA694-517A-972C-1C9C-F352B2964473</domain>
<ownDataTypeParameters>,,</ownDataTypeParameters>
<autoIncrementCycle>false</autoIncrementCycle>
<associations>
<colAssociation fkAssociation="B6A91B9A-EE73-CB01-4CBA-64B634D43106" referredColumn="7062996B-5AD3-458E-AF80-A95EAA05B1BD"/>
</associations>
</Column>
<Column name="country_destination_name" id="B79B733F-78DC-3BF0-0E58-45CED21C05F1">
<sourceDDLFile>sqlv3.ddl</sourceDDLFile>
<createdBy>κωστας κ</createdBy>
<createdTime>2020-06-02 14:33:16 UTC</createdTime>
<ownerDesignName>sqlproj2020_v2</ownerDesignName>
<importedID>308DD5AC-C9AC-0EDA-5550-7F8A3F3AE453</importedID>
<use>0</use>
<logicalDatatype>LOGDT024</logicalDatatype>
<domain>24191F83-2B7E-71D7-CA2C-1783DB4C8BD6</domain>
<ownDataTypeParameters>,,</ownDataTypeParameters>
<autoIncrementCycle>false</autoIncrementCycle>
</Column>
<Column name="country_start_name" id="2B89ABBA-21DD-9BB9-EDCA-B16237482664">
<sourceDDLFile>sqlv3.ddl</sourceDDLFile>
<createdBy>κωστας κ</createdBy>
<createdTime>2020-06-02 14:33:16 UTC</createdTime>
<ownerDesignName>sqlproj2020_v2</ownerDesignName>
<importedID>0BF024FC-2E87-F9AD-D152-46096E3C94F5</importedID>
<use>0</use>
<logicalDatatype>LOGDT024</logicalDatatype>
<domain>24191F83-2B7E-71D7-CA2C-1783DB4C8BD6</domain>
<ownDataTypeParameters>,,</ownDataTypeParameters>
<autoIncrementCycle>false</autoIncrementCycle>
</Column>
<Column name="Name" id="CC36E182-D30A-A97B-9C79-25E815BB03D8">
<sourceDDLFile>sqlv3.ddl</sourceDDLFile>
<createdBy>κωστας κ</createdBy>
<createdTime>2020-06-02 14:33:16 UTC</createdTime>
<ownerDesignName>sqlproj2020_v2</ownerDesignName>
<importedID>8102A314-54BF-9EDB-D50E-AD6B74EABDB8</importedID>
<use>0</use>
<logicalDatatype>LOGDT024</logicalDatatype>
<domain>E8E5F12D-8491-0B6D-8397-33926E273CDD</domain>
<ownDataTypeParameters>,,</ownDataTypeParameters>
<autoIncrementCycle>false</autoIncrementCycle>
</Column>
<Column name="Surname" id="A4AF1174-BBEB-454B-7913-90B2D57E2D1C">
<sourceDDLFile>sqlv3.ddl</sourceDDLFile>
<createdBy>κωστας κ</createdBy>
<createdTime>2020-06-02 14:33:16 UTC</createdTime>
<ownerDesignName>sqlproj2020_v2</ownerDesignName>
<importedID>65F15CA4-2229-7AB7-37FD-F9ED586D91C7</importedID>
<use>0</use>
<logicalDatatype>LOGDT024</logicalDatatype>
<domain>E8E5F12D-8491-0B6D-8397-33926E273CDD</domain>
<ownDataTypeParameters>,,</ownDataTypeParameters>
<autoIncrementCycle>false</autoIncrementCycle>
</Column>
<Column name="UNIQUE" id="42E0A128-EA11-FA8C-4F96-3C0F2B237762">
<sourceDDLFile>sqlv3.ddl</sourceDDLFile>
<createdBy>κωστας κ</createdBy>
<createdTime>2020-06-02 14:33:16 UTC</createdTime>
<ownerDesignName>sqlproj2020_v2</ownerDesignName>
<importedID>1196AC51-209A-80B5-77D9-88CBEF167E43</importedID>
<nullsAllowed>true</nullsAllowed>
<use>0</use>
<ownDataTypeParameters>,,</ownDataTypeParameters>
<autoIncrementCycle>false</autoIncrementCycle>
</Column>
<Column name="UNIQUE1" id="B6740CC9-4ED2-B410-5257-BB1DD8871A1F">
<sourceDDLFile>sqlv3.ddl</sourceDDLFile>
<createdBy>κωστας κ</createdBy>
<createdTime>2020-06-02 14:33:16 UTC</createdTime>
<ownerDesignName>sqlproj2020_v2</ownerDesignName>
<importedID>7F9958DD-1AFF-73B4-D013-6CFD61E45D96</importedID>
<nullsAllowed>true</nullsAllowed>
<use>0</use>
<ownDataTypeParameters>,,</ownDataTypeParameters>
<autoIncrementCycle>false</autoIncrementCycle>
</Column>
<Column name="KEY" id="266203BB-5369-C98D-1351-5EDF0BC944F7">
<sourceDDLFile>sqlv3.ddl</sourceDDLFile>
<createdBy>κωστας κ</createdBy>
<createdTime>2020-06-02 14:33:16 UTC</createdTime>
<ownerDesignName>sqlproj2020_v2</ownerDesignName>
<importedID>005E3B74-2460-1768-4D65-5703994F31F5</importedID>
<nullsAllowed>true</nullsAllowed>
<use>0</use>
<ownDataTypeParameters>,,</ownDataTypeParameters>
<autoIncrementCycle>false</autoIncrementCycle>
</Column>
</columns>
<indexes itemClass="oracle.dbtools.crest.model.design.relational.Index">
<ind_PK_UK id="CDC394C9-CC3D-EB9F-0780-0B355135DB1E" name="booking_PK">
<sourceDDLFile>sqlv3.ddl</sourceDDLFile>
<createdBy>κωστας κ</createdBy>
<createdTime>2020-06-02 14:33:16 UTC</createdTime>
<ownerDesignName>sqlproj2020_v2</ownerDesignName>
<importedID>442D6AA8-58E8-CED3-2054-C9EC2D1229A6</importedID>
<pk>true</pk>
<indexState>Primary Constraint</indexState>
<isSurrogateKey>false</isSurrogateKey>
<indexColumnUsage>
<colUsage columnID="CBD8ED28-A04D-2B8C-66A5-99C519A0832A"/>
</indexColumnUsage>
</ind_PK_UK>
<ind_PK_UK id="4544DD53-FF62-B0B5-FD35-511F15AA1927" name="booking_flight_fk">
<createdBy>κωστας κ</createdBy>
<createdTime>2020-06-02 14:33:16 UTC</createdTime>
<ownerDesignName>sqlproj2020_v2</ownerDesignName>
<indexState>Foreign Key</indexState>
<isSurrogateKey>false</isSurrogateKey>
<indexColumnUsage>
<colUsage columnID="0A180747-E71E-E13B-782C-90A45D031292"/>
</indexColumnUsage>
</ind_PK_UK>
<ind_PK_UK id="F172C887-4315-66F8-99C2-C9FFCE41602A" name="booking_airlines_FK">
<createdBy>κωστας κ</createdBy>
<createdTime>2020-06-02 14:42:49 UTC</createdTime>
<ownerDesignName>sqlproj2020_v2</ownerDesignName>
<indexState>Foreign Key</indexState>
<isSurrogateKey>false</isSurrogateKey>
<indexColumnUsage>
<colUsage columnID="E20E0FE4-2E9A-D5E8-92B0-67BC56E1E125"/>
</indexColumnUsage>
</ind_PK_UK>
</indexes>
</Table>