<?xml version = '1.0' encoding = 'UTF-8'?>
<TableProxyOraclev12c class="oracle.dbtools.crest.model.design.storage.oracle.v12c.TableProxyOraclev12c" name="flight" directorySegmentName="seg_0" id="7CC1F5F9-D542-80AC-D407-080E8FA15CF2">
<createdBy>κωστας κ</createdBy>
<createdTime>2020-06-02 14:33:16 UTC</createdTime>
<ownerDesignName>sqlproj2020_v2</ownerDesignName>
<logging>YES</logging>
<partitionedRowMovement>DISABLE</partitionedRowMovement>
<temporaryChanged>false</temporaryChanged>
<accessDriverType>oracle_loader</accessDriverType>
<rejectLimit></rejectLimit>
<columnProxies itemClass="oracle.dbtools.crest.model.design.storage.oracle.v12c.ColumnProxyOraclev12c">
<ColumnProxy name="reserved_economy_seats" id="07F05042-73E6-3F93-60C0-0476F8598D95">
<createdBy>κωστας κ</createdBy>
<createdTime>2020-06-02 14:33:16 UTC</createdTime>
<ownerDesignName>sqlproj2020_v2</ownerDesignName>
</ColumnProxy>
<ColumnProxy name="flight_id" id="0BDAF316-F202-A90D-5C7F-08953566E00D">
<createdBy>κωστας κ</createdBy>
<createdTime>2020-06-02 14:33:16 UTC</createdTime>
<ownerDesignName>sqlproj2020_v2</ownerDesignName>
</ColumnProxy>
<ColumnProxy name="KEY" id="16E62B65-7E6F-4B6C-861B-AED8A4F1D734">
<createdBy>κωστας κ</createdBy>
<createdTime>2020-06-02 14:33:16 UTC</createdTime>
<ownerDesignName>sqlproj2020_v2</ownerDesignName>
</ColumnProxy>
<ColumnProxy name="airline_code" id="26F8DC61-3151-8547-CA40-DFEEA7E82D7B">
<createdBy>κωστας κ</createdBy>
<createdTime>2020-06-02 14:33:16 UTC</createdTime>
<ownerDesignName>sqlproj2020_v2</ownerDesignName>
</ColumnProxy>
<ColumnProxy name="airlines_country_data_country_name" id="283D2B75-AD49-86A9-02B4-25C5A4B2D2E7">
<createdBy>κωστας κ</createdBy>
<createdTime>2020-06-02 14:33:16 UTC</createdTime>
<ownerDesignName>sqlproj2020_v2</ownerDesignName>
</ColumnProxy>
<ColumnProxy name="airline_destination_code" id="33B31FE5-367F-C20B-8262-B6A2A945C0DA">
<createdBy>κωστας κ</createdBy>
<createdTime>2020-06-02 14:33:16 UTC</createdTime>
<ownerDesignName>sqlproj2020_v2</ownerDesignName>
</ColumnProxy>
<ColumnProxy name="business" id="46D9E49A-DD72-0B50-63E9-ECC74C367220">
<createdBy>κωστας κ</createdBy>
<createdTime>2020-06-02 14:33:16 UTC</createdTime>
<ownerDesignName>sqlproj2020_v2</ownerDesignName>
</ColumnProxy>
<ColumnProxy name="flight_duration" id="4CE90146-079E-DD3C-D389-5B06C6337DDE">
<createdBy>κωστας κ</createdBy>
<createdTime>2020-06-02 14:33:16 UTC</createdTime>
<ownerDesignName>sqlproj2020_v2</ownerDesignName>
</ColumnProxy>
<ColumnProxy name="total_seats_business" id="792BB140-BC14-CF94-3E2C-D98324F9BD56">
<createdBy>κωστας κ</createdBy>
<createdTime>2020-06-02 14:33:16 UTC</createdTime>
<ownerDesignName>sqlproj2020_v2</ownerDesignName>
</ColumnProxy>
<ColumnProxy name="KEY1" id="848A1C4E-9AFC-6823-AA66-0881E022D9E0">
<createdBy>κωστας κ</createdBy>
<createdTime>2020-06-02 14:33:16 UTC</createdTime>
<ownerDesignName>sqlproj2020_v2</ownerDesignName>
</ColumnProxy>
<ColumnProxy name="booking_booking_id" id="9FED54BC-0F6A-93AB-061A-E725AA9CEC0B">
<createdBy>κωστας κ</createdBy>
<createdTime>2020-06-02 14:33:16 UTC</createdTime>
<ownerDesignName>sqlproj2020_v2</ownerDesignName>
</ColumnProxy>
<ColumnProxy name="total_seats_economy" id="ABF50AFE-7668-92BA-15D3-93551B1E0982">
<createdBy>κωστας κ</createdBy>
<createdTime>2020-06-02 14:33:16 UTC</createdTime>
<ownerDesignName>sqlproj2020_v2</ownerDesignName>
</ColumnProxy>
<ColumnProxy name="UNIQUE" id="AC99F3AA-B948-4994-F631-DC5C97409970">
<createdBy>κωστας κ</createdBy>
<createdTime>2020-06-02 14:33:16 UTC</createdTime>
<ownerDesignName>sqlproj2020_v2</ownerDesignName>
</ColumnProxy>
<ColumnProxy name="airlines_airline_id" id="B6D443B5-7775-E9D9-8C3D-5BFDCA31826C">
<createdBy>κωστας κ</createdBy>
<createdTime>2020-06-02 14:33:16 UTC</createdTime>
<ownerDesignName>sqlproj2020_v2</ownerDesignName>
</ColumnProxy>
<ColumnProxy name="departure_time_and_date" id="BD717430-BAA2-B3C4-3F92-8AC64371BCBF">
<createdBy>κωστας κ</createdBy>
<createdTime>2020-06-02 14:33:16 UTC</createdTime>
<ownerDesignName>sqlproj2020_v2</ownerDesignName>
</ColumnProxy>
<ColumnProxy name="smokers" id="D707A890-14F1-FD07-8D8E-B5885FD86979">
<createdBy>κωστας κ</createdBy>
<createdTime>2020-06-02 14:33:16 UTC</createdTime>
<ownerDesignName>sqlproj2020_v2</ownerDesignName>
</ColumnProxy>
<ColumnProxy name="reserved_business_seats" id="EBA85DB7-BB77-1EBD-E0F3-52993857E67C">
<createdBy>κωστας κ</createdBy>
<createdTime>2020-06-02 14:33:16 UTC</createdTime>
<ownerDesignName>sqlproj2020_v2</ownerDesignName>
</ColumnProxy>
</columnProxies>
<foreignKeys>
<ForeignKey class="oracle.dbtools.crest.model.design.storage.oracle.v10g.FKProxyOraclev10g" name="flight_airlines_FK" id="BBF60E78-E0FE-CB3D-5E6D-9C6A39EABBE1">
<createdBy>κωστας κ</createdBy>
<createdTime>2020-06-02 14:34:54 UTC</createdTime>
<ownerDesignName>sqlproj2020_v2</ownerDesignName>
</ForeignKey>
<ForeignKey class="oracle.dbtools.crest.model.design.storage.oracle.v10g.FKProxyOraclev10g" name="flight_booking_FK" id="C8D1EF94-07F7-5D55-FF5B-34C0185DF509">
<createdBy>κωστας κ</createdBy>
<createdTime>2020-06-02 14:35:14 UTC</createdTime>
<ownerDesignName>sqlproj2020_v2</ownerDesignName>
</ForeignKey>
<ForeignKey class="oracle.dbtools.crest.model.design.storage.oracle.v10g.FKProxyOraclev10g" name="flight_country_data_FK" id="E5B9BD88-FA22-DE70-25DF-AC76ECAA5375">
<createdBy>κωστας κ</createdBy>
<createdTime>2020-06-02 14:44:17 UTC</createdTime>
<ownerDesignName>sqlproj2020_v2</ownerDesignName>
</ForeignKey>
</foreignKeys>
<primaryKeys>
<PrimaryKey class="oracle.dbtools.crest.model.design.storage.oracle.v10g.PKProxyOraclev10g" name="flight_PK" id="30942711-F312-6B23-1C64-5FBC0A12401D">
<createdBy>κωστας κ</createdBy>
<createdTime>2020-06-02 14:33:16 UTC</createdTime>
<ownerDesignName>sqlproj2020_v2</ownerDesignName>
<indexSort>SORTED</indexSort>
</PrimaryKey>
</primaryKeys>
</TableProxyOraclev12c>