<?xml version = '1.0' encoding = 'UTF-8'?>
<TableProxyOraclev12c class="oracle.dbtools.crest.model.design.storage.oracle.v12c.TableProxyOraclev12c" name="booking" directorySegmentName="seg_0" id="EC683EFF-59CD-6BCA-2501-6169642C1475">
<createdBy>κωστας κ</createdBy>
<createdTime>2020-06-02 14:33:16 UTC</createdTime>
<ownerDesignName>sqlproj2020_v2</ownerDesignName>
<logging>YES</logging>
<partitionedRowMovement>DISABLE</partitionedRowMovement>
<temporaryChanged>false</temporaryChanged>
<accessDriverType>oracle_loader</accessDriverType>
<rejectLimit></rejectLimit>
<columnProxies itemClass="oracle.dbtools.crest.model.design.storage.oracle.v12c.ColumnProxyOraclev12c">
<ColumnProxy name="flight_flight_id" id="0A180747-E71E-E13B-782C-90A45D031292">
<createdBy>κωστας κ</createdBy>
<createdTime>2020-06-02 14:33:16 UTC</createdTime>
<ownerDesignName>sqlproj2020_v2</ownerDesignName>
</ColumnProxy>
<ColumnProxy name="total_price" id="1A75DD2C-6154-F5C2-63A3-303AC07628D9">
<createdBy>κωστας κ</createdBy>
<createdTime>2020-06-02 14:33:16 UTC</createdTime>
<ownerDesignName>sqlproj2020_v2</ownerDesignName>
</ColumnProxy>
<ColumnProxy name="KEY" id="266203BB-5369-C98D-1351-5EDF0BC944F7">
<createdBy>κωστας κ</createdBy>
<createdTime>2020-06-02 14:33:16 UTC</createdTime>
<ownerDesignName>sqlproj2020_v2</ownerDesignName>
</ColumnProxy>
<ColumnProxy name="country_start_name" id="2B89ABBA-21DD-9BB9-EDCA-B16237482664">
<createdBy>κωστας κ</createdBy>
<createdTime>2020-06-02 14:33:16 UTC</createdTime>
<ownerDesignName>sqlproj2020_v2</ownerDesignName>
</ColumnProxy>
<ColumnProxy name="UNIQUE" id="42E0A128-EA11-FA8C-4F96-3C0F2B237762">
<createdBy>κωστας κ</createdBy>
<createdTime>2020-06-02 14:33:16 UTC</createdTime>
<ownerDesignName>sqlproj2020_v2</ownerDesignName>
</ColumnProxy>
<ColumnProxy name="payadvance" id="44C37DD3-2E0F-AB02-32C8-38A0955C6C87">
<createdBy>κωστας κ</createdBy>
<createdTime>2020-06-02 14:33:16 UTC</createdTime>
<ownerDesignName>sqlproj2020_v2</ownerDesignName>
</ColumnProxy>
<ColumnProxy name="Landing_Date&amp;Time" id="76C421A2-AB29-9273-C74D-01FC475AD6B2">
<createdBy>κωστας κ</createdBy>
<createdTime>2020-06-02 14:33:16 UTC</createdTime>
<ownerDesignName>sqlproj2020_v2</ownerDesignName>
</ColumnProxy>
<ColumnProxy name="booking_date" id="79D889A5-6103-ADAF-D737-1C1AFDC2B24F">
<createdBy>κωστας κ</createdBy>
<createdTime>2020-06-02 14:33:16 UTC</createdTime>
<ownerDesignName>sqlproj2020_v2</ownerDesignName>
</ColumnProxy>
<ColumnProxy name="seat_state" id="9AF31C1F-593C-FBB1-D8E3-E2E1A2CE1A5B">
<createdBy>κωστας κ</createdBy>
<createdTime>2020-06-02 14:33:16 UTC</createdTime>
<ownerDesignName>sqlproj2020_v2</ownerDesignName>
</ColumnProxy>
<ColumnProxy name="location_booking" id="A14722AA-E5BD-ADCD-DEB2-611A88DD5304">
<createdBy>κωστας κ</createdBy>
<createdTime>2020-06-02 14:33:16 UTC</createdTime>
<ownerDesignName>sqlproj2020_v2</ownerDesignName>
</ColumnProxy>
<ColumnProxy name="Surname" id="A4AF1174-BBEB-454B-7913-90B2D57E2D1C">
<createdBy>κωστας κ</createdBy>
<createdTime>2020-06-02 14:33:16 UTC</createdTime>
<ownerDesignName>sqlproj2020_v2</ownerDesignName>
</ColumnProxy>
<ColumnProxy name="UNIQUE1" id="B6740CC9-4ED2-B410-5257-BB1DD8871A1F">
<createdBy>κωστας κ</createdBy>
<createdTime>2020-06-02 14:33:16 UTC</createdTime>
<ownerDesignName>sqlproj2020_v2</ownerDesignName>
</ColumnProxy>
<ColumnProxy name="country_destination_name" id="B79B733F-78DC-3BF0-0E58-45CED21C05F1">
<createdBy>κωστας κ</createdBy>
<createdTime>2020-06-02 14:33:16 UTC</createdTime>
<ownerDesignName>sqlproj2020_v2</ownerDesignName>
</ColumnProxy>
<ColumnProxy name="booking_id" id="CBD8ED28-A04D-2B8C-66A5-99C519A0832A">
<createdBy>κωστας κ</createdBy>
<createdTime>2020-06-02 14:33:16 UTC</createdTime>
<ownerDesignName>sqlproj2020_v2</ownerDesignName>
</ColumnProxy>
<ColumnProxy name="Name" id="CC36E182-D30A-A97B-9C79-25E815BB03D8">
<createdBy>κωστας κ</createdBy>
<createdTime>2020-06-02 14:33:16 UTC</createdTime>
<ownerDesignName>sqlproj2020_v2</ownerDesignName>
</ColumnProxy>
<ColumnProxy name="booking_airline_id" id="E20E0FE4-2E9A-D5E8-92B0-67BC56E1E125">
<createdBy>κωστας κ</createdBy>
<createdTime>2020-06-02 14:33:16 UTC</createdTime>
<ownerDesignName>sqlproj2020_v2</ownerDesignName>
</ColumnProxy>
<ColumnProxy name="seat_category" id="F436FB64-9D44-1E57-B913-43149C6D5BDE">
<createdBy>κωστας κ</createdBy>
<createdTime>2020-06-02 14:33:16 UTC</createdTime>
<ownerDesignName>sqlproj2020_v2</ownerDesignName>
</ColumnProxy>
</columnProxies>
<foreignKeys>
<ForeignKey class="oracle.dbtools.crest.model.design.storage.oracle.v10g.FKProxyOraclev10g" name="booking_flight_fk" id="4544DD53-FF62-B0B5-FD35-511F15AA1927">
<createdBy>κωστας κ</createdBy>
<createdTime>2020-06-02 14:33:16 UTC</createdTime>
<ownerDesignName>sqlproj2020_v2</ownerDesignName>
</ForeignKey>
<ForeignKey class="oracle.dbtools.crest.model.design.storage.oracle.v10g.FKProxyOraclev10g" name="booking_airlines_FK" id="F172C887-4315-66F8-99C2-C9FFCE41602A">
<createdBy>κωστας κ</createdBy>
<createdTime>2020-06-02 14:42:49 UTC</createdTime>
<ownerDesignName>sqlproj2020_v2</ownerDesignName>
</ForeignKey>
</foreignKeys>
<primaryKeys>
<PrimaryKey class="oracle.dbtools.crest.model.design.storage.oracle.v10g.PKProxyOraclev10g" name="booking_PK" id="CDC394C9-CC3D-EB9F-0780-0B355135DB1E">
<createdBy>κωστας κ</createdBy>
<createdTime>2020-06-02 14:33:16 UTC</createdTime>
<ownerDesignName>sqlproj2020_v2</ownerDesignName>
<indexSort>SORTED</indexSort>
</PrimaryKey>
</primaryKeys>
</TableProxyOraclev12c>