<?xml version = '1.0' encoding = 'UTF-8'?>
<Entity class="oracle.dbtools.crest.model.design.logical.Entity" directorySegmentName="seg_0" id="5FD68A5D-4086-84B8-DE2E-113CF66F8B63" name="bookingv1">
<createdBy>κωστας κ</createdBy>
<createdTime>2020-05-28 16:52:53 UTC</createdTime>
<generatorID>E7E75956-A6A9-B6C1-BFF6-6F06045147A7</generatorID>
<ownerDesignName>sqlproj2020_v2</ownerDesignName>
<engineerTo>
<item key="D12655A5-A73B-EF5E-AD64-F610317D3CDB" value="true"/>
</engineerTo>
<adequatelyNormalized>NO</adequatelyNormalized>
<expectedVolumes>0</expectedVolumes>
<fwdEngineeringStrategyName>Single Table</fwdEngineeringStrategyName>
<growthPercent>0</growthPercent>
<growthType>Year</growthType>
<maxVolumes>9999999</maxVolumes>
<minVolumes>0</minVolumes>
<normalForm>Third</normalForm>
<attributes itemClass="oracle.dbtools.crest.model.design.logical.Attribute">
<Attribute name="booking id" id="3B082825-2EA3-3C1B-7C31-C4B4336B8651">
<createdBy>κωστας κ</createdBy>
<createdTime>2020-05-28 16:52:53 UTC</createdTime>
<generatorID>4689062D-CE99-F0A7-DA73-8CE12B31E519</generatorID>
<ownerDesignName>sqlproj2020_v2</ownerDesignName>
<engineerTo>
<item key="D12655A5-A73B-EF5E-AD64-F610317D3CDB" value="true"/>
</engineerTo>
<use>0</use>
<logicalDatatype>LOGDT019</logicalDatatype>
<domain>525048C4-51DA-D265-C694-EF1AEE89C2F7</domain>
<ownDataTypeParameters>,,</ownDataTypeParameters>
</Attribute>
<Attribute name="location booking" id="B1EC4496-5D30-00A3-3FD5-263CC73A40DB">
<createdBy>κωστας κ</createdBy>
<createdTime>2020-05-28 16:52:53 UTC</createdTime>
<generatorID>2692ABE4-FEF3-B524-0A94-B48DD7A43F50</generatorID>
<ownerDesignName>sqlproj2020_v2</ownerDesignName>
<engineerTo>
<item key="D12655A5-A73B-EF5E-AD64-F610317D3CDB" value="true"/>
</engineerTo>
<use>0</use>
<logicalDatatype>LOGDT024</logicalDatatype>
<domain>57930A37-8AF8-EFA3-0654-531805749B9C</domain>
<ownDataTypeParameters>,,</ownDataTypeParameters>
</Attribute>
<Attribute name="booking date" id="C8320B49-B129-7F9E-283C-A87B66B6CBB8">
<createdBy>κωστας κ</createdBy>
<createdTime>2020-05-28 16:52:53 UTC</createdTime>
<generatorID>6522E4FE-9C1B-3FCB-F380-CB74D7D6EDD6</generatorID>
<ownerDesignName>sqlproj2020_v2</ownerDesignName>
<engineerTo>
<item key="D12655A5-A73B-EF5E-AD64-F610317D3CDB" value="true"/>
</engineerTo>
<use>0</use>
<logicalDatatype>LOGDT015</logicalDatatype>
<domain>91B1943F-D55E-C520-464F-CA361DD91A7F</domain>
<ownDataTypeParameters>,,</ownDataTypeParameters>
</Attribute>
<Attribute name="Landing Date&amp;Time" id="9EF2CACB-095D-247F-BC32-BA290C6300EC">
<createdBy>κωστας κ</createdBy>
<createdTime>2020-05-28 16:52:53 UTC</createdTime>
<generatorID>469055E2-C8C9-8CD5-D696-2509786BC885</generatorID>
<ownerDesignName>sqlproj2020_v2</ownerDesignName>
<engineerTo>
<item key="D12655A5-A73B-EF5E-AD64-F610317D3CDB" value="true"/>
</engineerTo>
<use>0</use>
<logicalDatatype>LOGDT015</logicalDatatype>
<domain>91B1943F-D55E-C520-464F-CA361DD91A7F</domain>
<ownDataTypeParameters>,,</ownDataTypeParameters>
</Attribute>
<Attribute name="seat category" id="47B2AB0D-5705-59EC-49AA-66A3DCE788B5">
<createdBy>κωστας κ</createdBy>
<createdTime>2020-05-28 16:52:53 UTC</createdTime>
<generatorID>2AFC3C80-795A-2813-A97C-C8E47DFDF935</generatorID>
<ownerDesignName>sqlproj2020_v2</ownerDesignName>
<engineerTo>
<item key="D12655A5-A73B-EF5E-AD64-F610317D3CDB" value="true"/>
</engineerTo>
<use>0</use>
<logicalDatatype>LOGDT024</logicalDatatype>
<domain>57930A37-8AF8-EFA3-0654-531805749B9C</domain>
<ownDataTypeParameters>,,</ownDataTypeParameters>
</Attribute>
<Attribute name="total price" id="AC5A9B95-209A-A91A-954C-98CBED493C46">
<createdBy>κωστας κ</createdBy>
<createdTime>2020-05-28 16:52:53 UTC</createdTime>
<generatorID>F834AA8E-81F9-D721-5DAC-847FDE4B3FF4</generatorID>
<ownerDesignName>sqlproj2020_v2</ownerDesignName>
<engineerTo>
<item key="D12655A5-A73B-EF5E-AD64-F610317D3CDB" value="true"/>
</engineerTo>
<use>0</use>
<logicalDatatype>LOGDT056</logicalDatatype>
<domain>A60CB79A-FAF6-9FD2-A43F-26EC30A3A23B</domain>
<ownDataTypeParameters>,,</ownDataTypeParameters>
</Attribute>
<Attribute name="seat state" id="DF0F3F3F-0C41-4DD2-B613-43B7726792AB">
<createdBy>κωστας κ</createdBy>
<createdTime>2020-05-28 16:52:53 UTC</createdTime>
<generatorID>4BD0E693-5A9C-9319-6199-1D7894B6E4CB</generatorID>
<ownerDesignName>sqlproj2020_v2</ownerDesignName>
<engineerTo>
<item key="D12655A5-A73B-EF5E-AD64-F610317D3CDB" value="true"/>
</engineerTo>
<use>0</use>
<logicalDatatype>LOGDT024</logicalDatatype>
<domain>57930A37-8AF8-EFA3-0654-531805749B9C</domain>
<ownDataTypeParameters>,,</ownDataTypeParameters>
</Attribute>
<Attribute name="balance" id="3E8386CE-6084-5105-AB7A-E611834D81C8">
<createdBy>κωστας κ</createdBy>
<createdTime>2020-05-28 16:52:53 UTC</createdTime>
<generatorID>A6073A0D-DD8F-B554-1A80-428ED84CC7B1</generatorID>
<ownerDesignName>sqlproj2020_v2</ownerDesignName>
<engineerTo>
<item key="D12655A5-A73B-EF5E-AD64-F610317D3CDB" value="true"/>
</engineerTo>
<use>0</use>
<logicalDatatype>LOGDT056</logicalDatatype>
<domain>A60CB79A-FAF6-9FD2-A43F-26EC30A3A23B</domain>
<ownDataTypeParameters>,,</ownDataTypeParameters>
</Attribute>
<Attribute name="deposit" id="56D6F312-2D0B-8B97-FCBD-EE154B2EBBF7">
<createdBy>κωστας κ</createdBy>
<createdTime>2020-05-28 16:52:53 UTC</createdTime>
<generatorID>2AE767E4-E011-FB4C-4C78-A9A70A982B70</generatorID>
<ownerDesignName>sqlproj2020_v2</ownerDesignName>
<engineerTo>
<item key="D12655A5-A73B-EF5E-AD64-F610317D3CDB" value="true"/>
</engineerTo>
<use>0</use>
<logicalDatatype>LOGDT056</logicalDatatype>
<domain>A60CB79A-FAF6-9FD2-A43F-26EC30A3A23B</domain>
<ownDataTypeParameters>,,</ownDataTypeParameters>
</Attribute>
<Attribute name="flight flight id" id="9CF92269-DF23-7DE4-9FDB-41FDF07CDE53">
<createdBy>κωστας κ</createdBy>
<createdTime>2020-05-28 16:52:53 UTC</createdTime>
<generatorID>F461B1D7-14EF-997C-5B61-BA7C0D90ADE2</generatorID>
<ownerDesignName>sqlproj2020_v2</ownerDesignName>
<engineerTo>
<item key="D12655A5-A73B-EF5E-AD64-F610317D3CDB" value="true"/>
</engineerTo>
<referedAttribute>5A6770E2-DD6C-E648-975E-E6999109AEBE</referedAttribute>
<use>0</use>
<logicalDatatype>LOGDT024</logicalDatatype>
<domain>04F0D163-02C3-3C9E-F2E0-E681D611C8E7</domain>
<ownDataTypeParameters>,,</ownDataTypeParameters>
</Attribute>
</attributes>
<identifiers itemClass="oracle.dbtools.crest.model.design.logical.CandidateKey">
<identifier id="6C116538-E64B-61F1-CAE5-B1863E226880" name="booking pk">
<createdBy>κωστας κ</createdBy>
<createdTime>2020-05-28 16:52:53 UTC</createdTime>
<generatorID>774B2C8B-60AE-4B76-44BE-5F96F2231DC6</generatorID>
<ownerDesignName>sqlproj2020_v2</ownerDesignName>
<engineerTo>
<item key="D12655A5-A73B-EF5E-AD64-F610317D3CDB" value="true"/>
</engineerTo>
<pk>true</pk>
<usedAttributes>
<attributeRef>3B082825-2EA3-3C1B-7C31-C4B4336B8651</attributeRef>
</usedAttributes>
</identifier>
<identifier id="C29308AF-8E6F-1055-423E-E665C4BB3721" name="booking booking id un">
<createdBy>κωστας κ</createdBy>
<createdTime>2020-05-28 16:52:53 UTC</createdTime>
<generatorID>04396B50-29F4-41EA-A820-7601C0B949BD</generatorID>
<ownerDesignName>sqlproj2020_v2</ownerDesignName>
<engineerTo>
<item key="D12655A5-A73B-EF5E-AD64-F610317D3CDB" value="true"/>
</engineerTo>
<usedAttributes>
<attributeRef>3B082825-2EA3-3C1B-7C31-C4B4336B8651</attributeRef>
</usedAttributes>
</identifier>
</identifiers>
</Entity>