<?xml version = '1.0' encoding = 'UTF-8'?>
<Entity class="oracle.dbtools.crest.model.design.logical.Entity" directorySegmentName="seg_0" id="A3D36D61-1936-EE86-3AFF-D1B4A3113199" name="airlinemanagerv2">
<createdBy>κωστας κ</createdBy>
<createdTime>2020-06-02 14:45:33 UTC</createdTime>
<generatorID>9A97A8F2-3FAB-B3BE-B0DD-6AB166EA719D</generatorID>
<ownerDesignName>sqlproj2020_v2</ownerDesignName>
<engineerTo>
<item key="D12655A5-A73B-EF5E-AD64-F610317D3CDB" value="true"/>
</engineerTo>
<adequatelyNormalized>NO</adequatelyNormalized>
<expectedVolumes>0</expectedVolumes>
<fwdEngineeringStrategyName>Single Table</fwdEngineeringStrategyName>
<growthPercent>0</growthPercent>
<growthType>Year</growthType>
<maxVolumes>9999999</maxVolumes>
<minVolumes>0</minVolumes>
<normalForm>Third</normalForm>
<attributes itemClass="oracle.dbtools.crest.model.design.logical.Attribute">
<Attribute name="email address" id="EF62783D-B797-7066-6C8B-4C70DC81522F">
<createdBy>κωστας κ</createdBy>
<createdTime>2020-06-02 14:45:33 UTC</createdTime>
<generatorID>2FB77986-BB28-34C5-1B8B-A8439F6AFE23</generatorID>
<ownerDesignName>sqlproj2020_v2</ownerDesignName>
<engineerTo>
<item key="D12655A5-A73B-EF5E-AD64-F610317D3CDB" value="true"/>
</engineerTo>
<use>0</use>
<logicalDatatype>LOGDT024</logicalDatatype>
<domain>33F0253B-409D-B1DF-D533-629ACA1E2840</domain>
<ownDataTypeParameters>,,</ownDataTypeParameters>
</Attribute>
<Attribute name="address" id="A14808B5-000D-8847-419F-3A656A269C07">
<createdBy>κωστας κ</createdBy>
<createdTime>2020-06-02 14:45:33 UTC</createdTime>
<generatorID>E65F1B4A-0948-8119-BFBA-DDE4F4A8C285</generatorID>
<ownerDesignName>sqlproj2020_v2</ownerDesignName>
<engineerTo>
<item key="D12655A5-A73B-EF5E-AD64-F610317D3CDB" value="true"/>
</engineerTo>
<use>0</use>
<logicalDatatype>LOGDT024</logicalDatatype>
<domain>04F0D163-02C3-3C9E-F2E0-E681D611C8E7</domain>
<ownDataTypeParameters>,,</ownDataTypeParameters>
</Attribute>
<Attribute name="phone number" id="C952AE04-8341-32D4-77D9-8F96573C41A7">
<createdBy>κωστας κ</createdBy>
<createdTime>2020-06-02 14:45:33 UTC</createdTime>
<generatorID>5489B687-6CB3-6EF7-67EF-DA22425D8BB8</generatorID>
<ownerDesignName>sqlproj2020_v2</ownerDesignName>
<engineerTo>
<item key="D12655A5-A73B-EF5E-AD64-F610317D3CDB" value="true"/>
</engineerTo>
<nullsAllowed>true</nullsAllowed>
<use>0</use>
<logicalDatatype>LOGDT019</logicalDatatype>
<domain>525048C4-51DA-D265-C694-EF1AEE89C2F7</domain>
<defaultValue>NULL</defaultValue>
<ownDataTypeParameters>,,</ownDataTypeParameters>
</Attribute>
<Attribute name="city" id="7F9FC8D9-227B-E076-2C38-94FDCB143565">
<createdBy>κωστας κ</createdBy>
<createdTime>2020-06-02 14:45:33 UTC</createdTime>
<generatorID>3DB860C6-27A2-7696-9A2B-4F7D676440EC</generatorID>
<ownerDesignName>sqlproj2020_v2</ownerDesignName>
<engineerTo>
<item key="D12655A5-A73B-EF5E-AD64-F610317D3CDB" value="true"/>
</engineerTo>
<use>0</use>
<logicalDatatype>LOGDT024</logicalDatatype>
<domain>57930A37-8AF8-EFA3-0654-531805749B9C</domain>
<ownDataTypeParameters>,,</ownDataTypeParameters>
</Attribute>
<Attribute name="fax" id="50EC4AA1-FD4A-C450-22EF-A72786996371">
<createdBy>κωστας κ</createdBy>
<createdTime>2020-06-02 14:45:33 UTC</createdTime>
<generatorID>595363CD-DD71-BD08-C1C5-14833BD6A5AD</generatorID>
<ownerDesignName>sqlproj2020_v2</ownerDesignName>
<engineerTo>
<item key="D12655A5-A73B-EF5E-AD64-F610317D3CDB" value="true"/>
</engineerTo>
<nullsAllowed>true</nullsAllowed>
<use>0</use>
<logicalDatatype>LOGDT019</logicalDatatype>
<domain>525048C4-51DA-D265-C694-EF1AEE89C2F7</domain>
<defaultValue>NULL</defaultValue>
<ownDataTypeParameters>,,</ownDataTypeParameters>
</Attribute>
<Attribute name="mail code" id="4D8F0D49-16EB-AEF5-D462-0B6175B4B55F">
<createdBy>κωστας κ</createdBy>
<createdTime>2020-06-02 14:45:33 UTC</createdTime>
<generatorID>C462127C-B505-D1A6-1A38-ED4D065239D6</generatorID>
<ownerDesignName>sqlproj2020_v2</ownerDesignName>
<engineerTo>
<item key="D12655A5-A73B-EF5E-AD64-F610317D3CDB" value="true"/>
</engineerTo>
<use>0</use>
<logicalDatatype>LOGDT019</logicalDatatype>
<domain>525048C4-51DA-D265-C694-EF1AEE89C2F7</domain>
<ownDataTypeParameters>,,</ownDataTypeParameters>
</Attribute>
<Attribute name="country code" id="9D614D2F-86DA-A0B0-0079-400BA6E6AA95">
<createdBy>κωστας κ</createdBy>
<createdTime>2020-06-02 14:45:33 UTC</createdTime>
<generatorID>D3401DCA-9A57-5995-6A18-99BD3CEB6FCB</generatorID>
<ownerDesignName>sqlproj2020_v2</ownerDesignName>
<engineerTo>
<item key="D12655A5-A73B-EF5E-AD64-F610317D3CDB" value="true"/>
</engineerTo>
<use>0</use>
<logicalDatatype>LOGDT019</logicalDatatype>
<domain>525048C4-51DA-D265-C694-EF1AEE89C2F7</domain>
<ownDataTypeParameters>,,</ownDataTypeParameters>
</Attribute>
<Attribute name="client name" id="734BBB81-0313-388B-2FD8-7F51F48C8302">
<createdBy>κωστας κ</createdBy>
<createdTime>2020-06-02 14:45:33 UTC</createdTime>
<generatorID>75C30D32-7906-5A5B-BB59-F8FAE041876A</generatorID>
<ownerDesignName>sqlproj2020_v2</ownerDesignName>
<engineerTo>
<item key="D12655A5-A73B-EF5E-AD64-F610317D3CDB" value="true"/>
</engineerTo>
<use>0</use>
<logicalDatatype>LOGDT024</logicalDatatype>
<domain>083CA694-517A-972C-1C9C-F352B2964473</domain>
<ownDataTypeParameters>,,</ownDataTypeParameters>
</Attribute>
<Attribute name="client surname" id="FE5056F5-AFB4-9CFA-3651-5497DC0B4FFA">
<createdBy>κωστας κ</createdBy>
<createdTime>2020-06-02 14:45:33 UTC</createdTime>
<generatorID>83E59826-0466-DD90-AB9F-2479C4C68900</generatorID>
<ownerDesignName>sqlproj2020_v2</ownerDesignName>
<engineerTo>
<item key="D12655A5-A73B-EF5E-AD64-F610317D3CDB" value="true"/>
</engineerTo>
<use>0</use>
<logicalDatatype>LOGDT024</logicalDatatype>
<domain>083CA694-517A-972C-1C9C-F352B2964473</domain>
<ownDataTypeParameters>,,</ownDataTypeParameters>
</Attribute>
<Attribute name="country data country name" id="F0100417-269F-96C8-A95D-58F3130FCFAA">
<createdBy>κωστας κ</createdBy>
<createdTime>2020-06-02 14:45:33 UTC</createdTime>
<generatorID>B4E75DA8-0F97-06D8-2660-58DE07CC42BE</generatorID>
<ownerDesignName>sqlproj2020_v2</ownerDesignName>
<engineerTo>
<item key="D12655A5-A73B-EF5E-AD64-F610317D3CDB" value="true"/>
</engineerTo>
<referedAttribute>B4BB3790-D911-3BBD-6B01-A2165781A3AC</referedAttribute>
<use>0</use>
<logicalDatatype>LOGDT024</logicalDatatype>
<domain>57930A37-8AF8-EFA3-0654-531805749B9C</domain>
<ownDataTypeParameters>,,</ownDataTypeParameters>
</Attribute>
<Attribute name="KEY" id="610A3FD7-CBC6-D5A8-63E9-A1E1DA245264">
<createdBy>κωστας κ</createdBy>
<createdTime>2020-06-02 14:45:33 UTC</createdTime>
<generatorID>FE3BD198-5B52-2B91-A469-15D9ABF3606A</generatorID>
<ownerDesignName>sqlproj2020_v2</ownerDesignName>
<engineerTo>
<item key="D12655A5-A73B-EF5E-AD64-F610317D3CDB" value="true"/>
</engineerTo>
<nullsAllowed>true</nullsAllowed>
<use>0</use>
<ownDataTypeParameters>,,</ownDataTypeParameters>
</Attribute>
</attributes>
<identifiers itemClass="oracle.dbtools.crest.model.design.logical.CandidateKey">
<identifier id="13A4C1FC-5085-43EF-EB80-43B9275420CA" name="airlinemanager PK">
<createdBy>κωστας κ</createdBy>
<createdTime>2020-06-02 14:45:33 UTC</createdTime>
<generatorID>B0A44050-1BB7-37BF-EC96-F33DDCA1B9F3</generatorID>
<ownerDesignName>sqlproj2020_v2</ownerDesignName>
<engineerTo>
<item key="D12655A5-A73B-EF5E-AD64-F610317D3CDB" value="true"/>
</engineerTo>
<pk>true</pk>
<usedAttributes>
<attributeRef>EF62783D-B797-7066-6C8B-4C70DC81522F</attributeRef>
</usedAttributes>
</identifier>
</identifiers>
</Entity>