<?xml version = '1.0' encoding = 'UTF-8'?>
<Entity class="oracle.dbtools.crest.model.design.logical.Entity" directorySegmentName="seg_0" id="B9C2CB0D-D357-264E-4AD9-C94532CE160E" name="airlinemanager">
<createdBy>κωστας κ</createdBy>
<createdTime>2020-05-28 16:52:53 UTC</createdTime>
<generatorID>69EACD4A-E6EE-209D-25D7-73B322730C2B</generatorID>
<ownerDesignName>sqlproj2020_v2</ownerDesignName>
<engineerTo>
<item key="D12655A5-A73B-EF5E-AD64-F610317D3CDB" value="true"/>
</engineerTo>
<adequatelyNormalized>NO</adequatelyNormalized>
<expectedVolumes>0</expectedVolumes>
<fwdEngineeringStrategyName>Single Table</fwdEngineeringStrategyName>
<growthPercent>0</growthPercent>
<growthType>Year</growthType>
<maxVolumes>9999999</maxVolumes>
<minVolumes>0</minVolumes>
<normalForm>Third</normalForm>
<attributes itemClass="oracle.dbtools.crest.model.design.logical.Attribute">
<Attribute name="email address" id="0A58D0FA-1288-EFEE-D1D6-206733893A5D">
<createdBy>κωστας κ</createdBy>
<createdTime>2020-05-28 16:52:53 UTC</createdTime>
<generatorID>6D826FBA-C3DF-906F-9105-709E6111E6DB</generatorID>
<ownerDesignName>sqlproj2020_v2</ownerDesignName>
<engineerTo>
<item key="D12655A5-A73B-EF5E-AD64-F610317D3CDB" value="true"/>
</engineerTo>
<use>0</use>
<logicalDatatype>LOGDT024</logicalDatatype>
<domain>33F0253B-409D-B1DF-D533-629ACA1E2840</domain>
<ownDataTypeParameters>,,</ownDataTypeParameters>
</Attribute>
<Attribute name="address" id="B2384F6F-BAFA-D4C5-B19C-8F5672AB17F9">
<createdBy>κωστας κ</createdBy>
<createdTime>2020-05-28 16:52:53 UTC</createdTime>
<generatorID>948955BB-757B-B497-EDB0-86F12D49E3D5</generatorID>
<ownerDesignName>sqlproj2020_v2</ownerDesignName>
<engineerTo>
<item key="D12655A5-A73B-EF5E-AD64-F610317D3CDB" value="true"/>
</engineerTo>
<use>0</use>
<logicalDatatype>LOGDT024</logicalDatatype>
<domain>04F0D163-02C3-3C9E-F2E0-E681D611C8E7</domain>
<ownDataTypeParameters>,,</ownDataTypeParameters>
</Attribute>
<Attribute name="phone number" id="30BE1AAD-2CC2-9305-6A8C-82A62C4AB7D8">
<createdBy>κωστας κ</createdBy>
<createdTime>2020-05-28 16:52:53 UTC</createdTime>
<generatorID>1C113366-BED2-789A-89B1-01ADC6513DCE</generatorID>
<ownerDesignName>sqlproj2020_v2</ownerDesignName>
<engineerTo>
<item key="D12655A5-A73B-EF5E-AD64-F610317D3CDB" value="true"/>
</engineerTo>
<nullsAllowed>true</nullsAllowed>
<use>0</use>
<logicalDatatype>LOGDT019</logicalDatatype>
<domain>525048C4-51DA-D265-C694-EF1AEE89C2F7</domain>
<ownDataTypeParameters>,,</ownDataTypeParameters>
</Attribute>
<Attribute name="country" id="5F04FDA5-8A88-E942-FB04-F5AA2BA85144">
<createdBy>κωστας κ</createdBy>
<createdTime>2020-05-28 16:52:53 UTC</createdTime>
<generatorID>69E4022F-D59F-AFE5-1AF3-762388B88711</generatorID>
<ownerDesignName>sqlproj2020_v2</ownerDesignName>
<engineerTo>
<item key="D12655A5-A73B-EF5E-AD64-F610317D3CDB" value="true"/>
</engineerTo>
<use>0</use>
<logicalDatatype>LOGDT024</logicalDatatype>
<domain>57930A37-8AF8-EFA3-0654-531805749B9C</domain>
<ownDataTypeParameters>,,</ownDataTypeParameters>
</Attribute>
<Attribute name="city" id="5D693C19-7E6B-9E0F-576F-CF2AE0EDD375">
<createdBy>κωστας κ</createdBy>
<createdTime>2020-05-28 16:52:53 UTC</createdTime>
<generatorID>1DC3C9FD-41CD-A099-679A-294717D8E67A</generatorID>
<ownerDesignName>sqlproj2020_v2</ownerDesignName>
<engineerTo>
<item key="D12655A5-A73B-EF5E-AD64-F610317D3CDB" value="true"/>
</engineerTo>
<use>0</use>
<logicalDatatype>LOGDT024</logicalDatatype>
<domain>57930A37-8AF8-EFA3-0654-531805749B9C</domain>
<ownDataTypeParameters>,,</ownDataTypeParameters>
</Attribute>
<Attribute name="fax" id="B88AC436-1A7B-1A75-8335-F6F96DF49C9F">
<createdBy>κωστας κ</createdBy>
<createdTime>2020-05-28 16:52:53 UTC</createdTime>
<generatorID>A6E331DD-357D-E074-AF5D-8CB559C3D047</generatorID>
<ownerDesignName>sqlproj2020_v2</ownerDesignName>
<engineerTo>
<item key="D12655A5-A73B-EF5E-AD64-F610317D3CDB" value="true"/>
</engineerTo>
<nullsAllowed>true</nullsAllowed>
<use>0</use>
<logicalDatatype>LOGDT019</logicalDatatype>
<domain>525048C4-51DA-D265-C694-EF1AEE89C2F7</domain>
<ownDataTypeParameters>,,</ownDataTypeParameters>
</Attribute>
<Attribute name="mail code" id="212DD63C-7312-C868-CC16-9C241A0D7A82">
<createdBy>κωστας κ</createdBy>
<createdTime>2020-05-28 16:52:53 UTC</createdTime>
<generatorID>C55DA0DE-6E64-3990-B603-3E29839730C1</generatorID>
<ownerDesignName>sqlproj2020_v2</ownerDesignName>
<engineerTo>
<item key="D12655A5-A73B-EF5E-AD64-F610317D3CDB" value="true"/>
</engineerTo>
<use>0</use>
<logicalDatatype>LOGDT019</logicalDatatype>
<domain>525048C4-51DA-D265-C694-EF1AEE89C2F7</domain>
<ownDataTypeParameters>,,</ownDataTypeParameters>
</Attribute>
<Attribute name="country code" id="5536C5E5-B1D7-5745-4011-292C0692BEE9">
<createdBy>κωστας κ</createdBy>
<createdTime>2020-05-28 16:52:53 UTC</createdTime>
<generatorID>42209DDF-1948-BDAB-264D-8B396BFE384F</generatorID>
<ownerDesignName>sqlproj2020_v2</ownerDesignName>
<engineerTo>
<item key="D12655A5-A73B-EF5E-AD64-F610317D3CDB" value="true"/>
</engineerTo>
<use>0</use>
<logicalDatatype>LOGDT019</logicalDatatype>
<domain>525048C4-51DA-D265-C694-EF1AEE89C2F7</domain>
<ownDataTypeParameters>,,</ownDataTypeParameters>
</Attribute>
<Attribute name="client name" id="15FEE14A-21B7-0A55-FB1F-C052CD16E1E4">
<createdBy>κωστας κ</createdBy>
<createdTime>2020-05-28 16:52:53 UTC</createdTime>
<generatorID>47E97EAE-E23B-5794-49EB-7911F6DF2782</generatorID>
<ownerDesignName>sqlproj2020_v2</ownerDesignName>
<engineerTo>
<item key="D12655A5-A73B-EF5E-AD64-F610317D3CDB" value="true"/>
</engineerTo>
<use>0</use>
<logicalDatatype>LOGDT024</logicalDatatype>
<domain>083CA694-517A-972C-1C9C-F352B2964473</domain>
<ownDataTypeParameters>,,</ownDataTypeParameters>
</Attribute>
<Attribute name="client surname" id="348DEDC7-B95E-A87B-5405-483EB9E15188">
<createdBy>κωστας κ</createdBy>
<createdTime>2020-05-28 16:52:53 UTC</createdTime>
<generatorID>8FD13A9F-3D5B-B5C0-445F-9C410E9E54C5</generatorID>
<ownerDesignName>sqlproj2020_v2</ownerDesignName>
<engineerTo>
<item key="D12655A5-A73B-EF5E-AD64-F610317D3CDB" value="true"/>
</engineerTo>
<use>0</use>
<logicalDatatype>LOGDT024</logicalDatatype>
<domain>083CA694-517A-972C-1C9C-F352B2964473</domain>
<ownDataTypeParameters>,,</ownDataTypeParameters>
</Attribute>
<Attribute name="country data country name" id="5BA10E82-CE15-9D08-9CD9-2C52AE1519C5">
<createdBy>κωστας κ</createdBy>
<createdTime>2020-05-28 16:52:53 UTC</createdTime>
<generatorID>6101DE58-FC64-722C-0761-91D6D7EC47CC</generatorID>
<ownerDesignName>sqlproj2020_v2</ownerDesignName>
<engineerTo>
<item key="D12655A5-A73B-EF5E-AD64-F610317D3CDB" value="true"/>
</engineerTo>
<referedAttribute>898F180D-0891-FBE7-F745-89C1BCCDE43F</referedAttribute>
<use>0</use>
<logicalDatatype>LOGDT024</logicalDatatype>
<domain>57930A37-8AF8-EFA3-0654-531805749B9C</domain>
<ownDataTypeParameters>,,</ownDataTypeParameters>
</Attribute>
</attributes>
<identifiers itemClass="oracle.dbtools.crest.model.design.logical.CandidateKey">
<identifier id="DCC749C2-BCEC-0595-96A5-C88711B6DC4B" name="airlinemanager pk">
<createdBy>κωστας κ</createdBy>
<createdTime>2020-05-28 16:52:53 UTC</createdTime>
<generatorID>31B486EF-662D-1C5C-91C0-E5A0A255A9C7</generatorID>
<ownerDesignName>sqlproj2020_v2</ownerDesignName>
<engineerTo>
<item key="D12655A5-A73B-EF5E-AD64-F610317D3CDB" value="true"/>
</engineerTo>
<pk>true</pk>
<usedAttributes>
<attributeRef>0A58D0FA-1288-EFEE-D1D6-206733893A5D</attributeRef>
</usedAttributes>
</identifier>
</identifiers>
</Entity>