<?xml version = '1.0' encoding = 'UTF-8'?>
<Entity class="oracle.dbtools.crest.model.design.logical.Entity" directorySegmentName="seg_0" id="E004947A-F372-DE6C-AAD6-4B48E6EF7EB6" name="flightv3">
<createdBy>κωστας κ</createdBy>
<createdTime>2020-06-02 14:45:33 UTC</createdTime>
<generatorID>7CC1F5F9-D542-80AC-D407-080E8FA15CF2</generatorID>
<ownerDesignName>sqlproj2020_v2</ownerDesignName>
<engineerTo>
<item key="D12655A5-A73B-EF5E-AD64-F610317D3CDB" value="true"/>
</engineerTo>
<adequatelyNormalized>NO</adequatelyNormalized>
<expectedVolumes>0</expectedVolumes>
<fwdEngineeringStrategyName>Single Table</fwdEngineeringStrategyName>
<growthPercent>0</growthPercent>
<growthType>Year</growthType>
<maxVolumes>9999999</maxVolumes>
<minVolumes>0</minVolumes>
<normalForm>Third</normalForm>
<attributes itemClass="oracle.dbtools.crest.model.design.logical.Attribute">
<Attribute name="airlines airline id" id="4820AB58-C11A-9CFA-8669-C8D1E63FB726">
<createdBy>κωστας κ</createdBy>
<createdTime>2020-06-02 14:45:33 UTC</createdTime>
<generatorID>AEE9A415-F0AD-844F-604B-00DBDEF79506</generatorID>
<ownerDesignName>sqlproj2020_v2</ownerDesignName>
<engineerTo>
<item key="D12655A5-A73B-EF5E-AD64-F610317D3CDB" value="true"/>
</engineerTo>
<referedAttribute>7547B1DA-2F67-92E0-5900-6D6EE9B6E0E1</referedAttribute>
<use>0</use>
<logicalDatatype>LOGDT024</logicalDatatype>
<domain>083CA694-517A-972C-1C9C-F352B2964473</domain>
<ownDataTypeParameters>,,</ownDataTypeParameters>
</Attribute>
<Attribute name="airlines country data country name" id="D6222E9A-B31A-22D7-2308-E2F52F86D252">
<createdBy>κωστας κ</createdBy>
<createdTime>2020-06-02 14:45:33 UTC</createdTime>
<generatorID>B4D28FCE-08ED-8356-AE24-CE234EEAF88E</generatorID>
<ownerDesignName>sqlproj2020_v2</ownerDesignName>
<engineerTo>
<item key="D12655A5-A73B-EF5E-AD64-F610317D3CDB" value="true"/>
</engineerTo>
<referedAttribute>B4BB3790-D911-3BBD-6B01-A2165781A3AC</referedAttribute>
<use>0</use>
<logicalDatatype>LOGDT024</logicalDatatype>
<domain>57930A37-8AF8-EFA3-0654-531805749B9C</domain>
<ownDataTypeParameters>,,</ownDataTypeParameters>
</Attribute>
<Attribute name="booking booking id" id="A0439AFD-BDB1-38D2-E55F-9D4C378EE51C">
<createdBy>κωστας κ</createdBy>
<createdTime>2020-06-02 14:45:33 UTC</createdTime>
<generatorID>DE8DBE0F-70D2-F670-C7AA-7A18AE2B63D7</generatorID>
<ownerDesignName>sqlproj2020_v2</ownerDesignName>
<engineerTo>
<item key="D12655A5-A73B-EF5E-AD64-F610317D3CDB" value="true"/>
</engineerTo>
<referedAttribute>A1AAB5AA-FA67-9FD3-21DE-03839E7378FD</referedAttribute>
<use>0</use>
<logicalDatatype>LOGDT019</logicalDatatype>
<domain>525048C4-51DA-D265-C694-EF1AEE89C2F7</domain>
<ownDataTypeParameters>,,</ownDataTypeParameters>
</Attribute>
<Attribute name="flight id" id="4118FED4-0E09-B4C2-0A22-E375915C8517">
<createdBy>κωστας κ</createdBy>
<createdTime>2020-06-02 14:45:33 UTC</createdTime>
<generatorID>0BDAF316-F202-A90D-5C7F-08953566E00D</generatorID>
<ownerDesignName>sqlproj2020_v2</ownerDesignName>
<engineerTo>
<item key="D12655A5-A73B-EF5E-AD64-F610317D3CDB" value="true"/>
</engineerTo>
<use>0</use>
<logicalDatatype>LOGDT024</logicalDatatype>
<domain>04F0D163-02C3-3C9E-F2E0-E681D611C8E7</domain>
<ownDataTypeParameters>,,</ownDataTypeParameters>
</Attribute>
<Attribute name="business" id="5ADD2F6A-BAA6-ED95-931C-97EEF602AD0A">
<createdBy>κωστας κ</createdBy>
<createdTime>2020-06-02 14:45:33 UTC</createdTime>
<generatorID>46D9E49A-DD72-0B50-63E9-ECC74C367220</generatorID>
<ownerDesignName>sqlproj2020_v2</ownerDesignName>
<engineerTo>
<item key="D12655A5-A73B-EF5E-AD64-F610317D3CDB" value="true"/>
</engineerTo>
<use>0</use>
<logicalDatatype>LOGDT025</logicalDatatype>
<domain>D0399F0C-DA0D-0D49-A82A-E8C750A2D68C</domain>
<ownDataTypeParameters>,,</ownDataTypeParameters>
</Attribute>
<Attribute name="smokers" id="6F16DAD0-FC92-584B-0379-8ECCDA736F03">
<createdBy>κωστας κ</createdBy>
<createdTime>2020-06-02 14:45:33 UTC</createdTime>
<generatorID>D707A890-14F1-FD07-8D8E-B5885FD86979</generatorID>
<ownerDesignName>sqlproj2020_v2</ownerDesignName>
<engineerTo>
<item key="D12655A5-A73B-EF5E-AD64-F610317D3CDB" value="true"/>
</engineerTo>
<use>0</use>
<logicalDatatype>LOGDT025</logicalDatatype>
<domain>D0399F0C-DA0D-0D49-A82A-E8C750A2D68C</domain>
<ownDataTypeParameters>,,</ownDataTypeParameters>
</Attribute>
<Attribute name="flight duration" id="95A6529C-CC0C-946B-7D7A-2AAFC195EDC7">
<createdBy>κωστας κ</createdBy>
<createdTime>2020-06-02 14:45:33 UTC</createdTime>
<generatorID>4CE90146-079E-DD3C-D389-5B06C6337DDE</generatorID>
<ownerDesignName>sqlproj2020_v2</ownerDesignName>
<engineerTo>
<item key="D12655A5-A73B-EF5E-AD64-F610317D3CDB" value="true"/>
</engineerTo>
<use>0</use>
<logicalDatatype>LOGDT056</logicalDatatype>
<domain>A60CB79A-FAF6-9FD2-A43F-26EC30A3A23B</domain>
<ownDataTypeParameters>,,</ownDataTypeParameters>
</Attribute>
<Attribute name="total seats business" id="0FE608B2-EF84-2F01-7E23-38167268BCC7">
<createdBy>κωστας κ</createdBy>
<createdTime>2020-06-02 14:45:33 UTC</createdTime>
<generatorID>792BB140-BC14-CF94-3E2C-D98324F9BD56</generatorID>
<ownerDesignName>sqlproj2020_v2</ownerDesignName>
<engineerTo>
<item key="D12655A5-A73B-EF5E-AD64-F610317D3CDB" value="true"/>
</engineerTo>
<use>0</use>
<logicalDatatype>LOGDT019</logicalDatatype>
<domain>525048C4-51DA-D265-C694-EF1AEE89C2F7</domain>
<ownDataTypeParameters>,,</ownDataTypeParameters>
</Attribute>
<Attribute name="total seats economy" id="08C1517B-C44D-4A45-35B6-4474B5745829">
<createdBy>κωστας κ</createdBy>
<createdTime>2020-06-02 14:45:33 UTC</createdTime>
<generatorID>ABF50AFE-7668-92BA-15D3-93551B1E0982</generatorID>
<ownerDesignName>sqlproj2020_v2</ownerDesignName>
<engineerTo>
<item key="D12655A5-A73B-EF5E-AD64-F610317D3CDB" value="true"/>
</engineerTo>
<use>0</use>
<logicalDatatype>LOGDT019</logicalDatatype>
<domain>525048C4-51DA-D265-C694-EF1AEE89C2F7</domain>
<ownDataTypeParameters>,,</ownDataTypeParameters>
</Attribute>
<Attribute name="reserved business seats" id="4CED9CB0-8F9A-E79F-92AB-A89F255D1891">
<createdBy>κωστας κ</createdBy>
<createdTime>2020-06-02 14:45:33 UTC</createdTime>
<generatorID>EBA85DB7-BB77-1EBD-E0F3-52993857E67C</generatorID>
<ownerDesignName>sqlproj2020_v2</ownerDesignName>
<engineerTo>
<item key="D12655A5-A73B-EF5E-AD64-F610317D3CDB" value="true"/>
</engineerTo>
<use>0</use>
<logicalDatatype>LOGDT019</logicalDatatype>
<domain>525048C4-51DA-D265-C694-EF1AEE89C2F7</domain>
<ownDataTypeParameters>,,</ownDataTypeParameters>
</Attribute>
<Attribute name="reserved economy seats" id="BBB6850A-AF14-C9A0-68F4-B67C32D68671">
<createdBy>κωστας κ</createdBy>
<createdTime>2020-06-02 14:45:33 UTC</createdTime>
<generatorID>07F05042-73E6-3F93-60C0-0476F8598D95</generatorID>
<ownerDesignName>sqlproj2020_v2</ownerDesignName>
<engineerTo>
<item key="D12655A5-A73B-EF5E-AD64-F610317D3CDB" value="true"/>
</engineerTo>
<use>0</use>
<logicalDatatype>LOGDT019</logicalDatatype>
<domain>525048C4-51DA-D265-C694-EF1AEE89C2F7</domain>
<ownDataTypeParameters>,,</ownDataTypeParameters>
</Attribute>
<Attribute name="airline code" id="68AD88A4-8C64-AA66-F4AF-D45CF5B98B42">
<createdBy>κωστας κ</createdBy>
<createdTime>2020-06-02 14:45:33 UTC</createdTime>
<generatorID>26F8DC61-3151-8547-CA40-DFEEA7E82D7B</generatorID>
<ownerDesignName>sqlproj2020_v2</ownerDesignName>
<engineerTo>
<item key="D12655A5-A73B-EF5E-AD64-F610317D3CDB" value="true"/>
</engineerTo>
<use>0</use>
<logicalDatatype>LOGDT024</logicalDatatype>
<domain>E8E5F12D-8491-0B6D-8397-33926E273CDD</domain>
<ownDataTypeParameters>,,</ownDataTypeParameters>
</Attribute>
<Attribute name="airline destination code" id="33BC70D1-6FD9-2BFB-2E5D-04A6A83500DF">
<createdBy>κωστας κ</createdBy>
<createdTime>2020-06-02 14:45:33 UTC</createdTime>
<generatorID>33B31FE5-367F-C20B-8262-B6A2A945C0DA</generatorID>
<ownerDesignName>sqlproj2020_v2</ownerDesignName>
<engineerTo>
<item key="D12655A5-A73B-EF5E-AD64-F610317D3CDB" value="true"/>
</engineerTo>
<use>0</use>
<logicalDatatype>LOGDT024</logicalDatatype>
<domain>E8E5F12D-8491-0B6D-8397-33926E273CDD</domain>
<ownDataTypeParameters>,,</ownDataTypeParameters>
</Attribute>
<Attribute name="departure time and date" id="7263EEDF-83BA-9C46-D5E3-89B5C8EE7E47">
<createdBy>κωστας κ</createdBy>
<createdTime>2020-06-02 14:45:33 UTC</createdTime>
<generatorID>BD717430-BAA2-B3C4-3F92-8AC64371BCBF</generatorID>
<ownerDesignName>sqlproj2020_v2</ownerDesignName>
<engineerTo>
<item key="D12655A5-A73B-EF5E-AD64-F610317D3CDB" value="true"/>
</engineerTo>
<use>0</use>
<logicalDatatype>LOGDT024</logicalDatatype>
<domain>E8E5F12D-8491-0B6D-8397-33926E273CDD</domain>
<ownDataTypeParameters>,,</ownDataTypeParameters>
</Attribute>
<Attribute name="UNIQUE" id="D8C1730A-3A94-7DCC-BDA9-09EB100B53DA">
<createdBy>κωστας κ</createdBy>
<createdTime>2020-06-02 14:45:33 UTC</createdTime>
<generatorID>AC99F3AA-B948-4994-F631-DC5C97409970</generatorID>
<ownerDesignName>sqlproj2020_v2</ownerDesignName>
<engineerTo>
<item key="D12655A5-A73B-EF5E-AD64-F610317D3CDB" value="true"/>
</engineerTo>
<nullsAllowed>true</nullsAllowed>
<use>0</use>
<ownDataTypeParameters>,,</ownDataTypeParameters>
</Attribute>
<Attribute name="KEY" id="41702CAA-E170-1071-3708-832DF06AD1FB">
<createdBy>κωστας κ</createdBy>
<createdTime>2020-06-02 14:45:33 UTC</createdTime>
<generatorID>16E62B65-7E6F-4B6C-861B-AED8A4F1D734</generatorID>
<ownerDesignName>sqlproj2020_v2</ownerDesignName>
<engineerTo>
<item key="D12655A5-A73B-EF5E-AD64-F610317D3CDB" value="true"/>
</engineerTo>
<nullsAllowed>true</nullsAllowed>
<use>0</use>
<ownDataTypeParameters>,,</ownDataTypeParameters>
</Attribute>
<Attribute name="KEY1" id="F733FA44-3F61-C76A-B582-46366BE5219B">
<createdBy>κωστας κ</createdBy>
<createdTime>2020-06-02 14:45:33 UTC</createdTime>
<generatorID>848A1C4E-9AFC-6823-AA66-0881E022D9E0</generatorID>
<ownerDesignName>sqlproj2020_v2</ownerDesignName>
<engineerTo>
<item key="D12655A5-A73B-EF5E-AD64-F610317D3CDB" value="true"/>
</engineerTo>
<nullsAllowed>true</nullsAllowed>
<use>0</use>
<ownDataTypeParameters>,,</ownDataTypeParameters>
</Attribute>
</attributes>
<identifiers itemClass="oracle.dbtools.crest.model.design.logical.CandidateKey">
<identifier id="16696683-9BA6-B8B4-7904-2DD5EEF8C553" name="flight PK">
<createdBy>κωστας κ</createdBy>
<createdTime>2020-06-02 14:45:33 UTC</createdTime>
<generatorID>30942711-F312-6B23-1C64-5FBC0A12401D</generatorID>
<ownerDesignName>sqlproj2020_v2</ownerDesignName>
<engineerTo>
<item key="D12655A5-A73B-EF5E-AD64-F610317D3CDB" value="true"/>
</engineerTo>
<pk>true</pk>
<usedAttributes>
<attributeRef>4118FED4-0E09-B4C2-0A22-E375915C8517</attributeRef>
</usedAttributes>
</identifier>
</identifiers>
</Entity>